,Unnamed: 0,Customer Name,Order Count,Discounts,Sales,Profit,Cluster,ClusterName
0,0,Rick Hansen,31,48.38709677419355,16352.9586,1850.8903,3,Frugal Frequent Buyers
1,1,Justin Ritter,27,33.33333333333333,13623.249,1306.756,2,The Reliable Middle
2,2,Craig Reiter,35,60.0,20847.53976,1435.43736,3,Frugal Frequent Buyers
3,3,Katherine Murray,31,48.38709677419355,18519.15964,1451.08384,3,Frugal Frequent Buyers
4,4,Jim Mitchum,42,40.476190476190474,19897.39706,1798.53406,3,Frugal Frequent Buyers
5,5,Toby Swindell,34,35.294117647058826,18628.34548,2602.96458,0,High Profit Buyers
6,6,Mick Brown,36,44.44444444444444,16447.73888,2595.96358,3,Frugal Frequent Buyers
7,7,Jane Waco,38,44.73684210526316,30288.4503,6265.8457,0,High Profit Buyers
8,8,Joseph Holt,44,52.27272727272727,20936.8844,386.67819999999995,3,Frugal Frequent Buyers
9,9,Greg Maxwell,24,41.66666666666667,15356.444,-11.35850000000011,1,Bargain Hunters
10,10,Anthony Jacobs,37,37.83783783783784,17757.0612,1172.2402000000002,3,Frugal Frequent Buyers
11,11,Magdelene Morse,31,45.16129032258064,21224.07612,4380.72512,0,High Profit Buyers
12,12,Vicky Freymann,27,51.85185185185184,12602.485,26.112999999999953,1,Bargain Hunters
13,13,Peter Fuller,36,38.88888888888889,29875.99966,1063.29136,3,Frugal Frequent Buyers
14,14,Ben Peterman,37,59.45945945945946,16806.64772,1343.95582,3,Frugal Frequent Buyers
15,15,Thomas Boland,31,45.16129032258064,17423.9244,2286.4019,3,Frugal Frequent Buyers
16,16,Patrick Jones,22,45.45454545454545,14440.907,4019.1325,2,The Reliable Middle
17,17,Jim Sink,30,43.33333333333334,16282.5795,2350.4863,2,The Reliable Middle
18,18,Ritsa Hightower,27,55.55555555555556,17697.78,2002.8037,1,Bargain Hunters
19,19,Ann Blume,26,38.46153846153846,18727.2131,1870.0107,2,The Reliable Middle
20,20,Sue Ann Reed,40,47.5,16495.05466,1354.70276,3,Frugal Frequent Buyers
21,21,Jason Klamczynski,31,51.61290322580645,17204.23132,2022.38702,3,Frugal Frequent Buyers
22,22,Laurel Beltran,38,44.73684210526316,26385.98522,4303.23822,0,High Profit Buyers
23,23,Naresj Patel,31,38.70967741935484,13115.177,1804.326,2,The Reliable Middle
24,24,Valerie Dominguez,27,55.55555555555556,15984.9224,2031.9158,1,Bargain Hunters
25,25,Phillip Breyer,33,63.63636363636363,24269.859,1403.958,3,Frugal Frequent Buyers
26,26,Eugene Barchas,31,54.83870967741936,16083.2243,2893.6639,3,Frugal Frequent Buyers
27,27,Karen Ferguson,29,41.37931034482759,18265.0205,2385.1931,2,The Reliable Middle
28,28,Benjamin Patterson,30,33.33333333333333,18708.6016,912.2121,2,The Reliable Middle
29,29,Rick Reed,34,47.058823529411754,16386.1966,-47.982799999999976,3,Frugal Frequent Buyers
30,30,Bill Shonely,31,35.483870967741936,23508.65596,5968.90736,0,High Profit Buyers
31,31,Joel Eaton,40,42.5,21904.62896,1528.78066,3,Frugal Frequent Buyers
32,32,Dave Poirier,31,61.29032258064516,25900.7482,4600.1323,0,High Profit Buyers
33,33,Nora Preis,33,45.45454545454545,15917.0555,375.5512,3,Frugal Frequent Buyers
34,34,Aaron Hawkins,34,41.17647058823529,20759.51384,2450.92904,0,High Profit Buyers
35,35,Darrin Martin,36,52.777777777777786,17732.3218,1991.7519,3,Frugal Frequent Buyers
36,36,Grant Thornton,25,48.0,20225.35784,-3577.92306,1,Bargain Hunters
37,37,Patrick O'Donnell,41,39.02439024390244,24024.2098,4618.1191,0,High Profit Buyers
38,38,Dan Lawera,40,57.49999999999999,12688.6821,426.03500000000014,3,Frugal Frequent Buyers
39,39,Joy Bell-,38,39.47368421052632,24008.18712,2867.92322,0,High Profit Buyers
40,40,Barry Franz,24,66.66666666666666,24079.87166,1115.67056,1,Bargain Hunters
41,41,Vivek Grady,27,37.03703703703704,23763.59116,4046.90616,0,High Profit Buyers
42,42,Greg Tran,34,55.88235294117647,35550.95428,5214.13118,0,High Profit Buyers
43,43,Zuschuss Carroll,37,67.56756756756756,28479.99226,436.9362599999999,3,Frugal Frequent Buyers
44,44,Sanjit Chand,34,50.0,26521.132,8205.3799,0,High Profit Buyers
45,45,Ellis Ballard,30,36.666666666666664,21985.89694,5848.74774,0,High Profit Buyers
46,46,Arthur Prichep,37,43.24324324324324,18545.9403,3137.6156,0,High Profit Buyers
47,47,Scott Williamson,38,52.63157894736842,17045.5447,1044.1871999999998,3,Frugal Frequent Buyers
48,48,John Huston,38,39.47368421052632,25945.7315,5395.8237,0,High Profit Buyers
49,49,Lena Creighton,36,58.33333333333334,18886.9004,1172.5113000000003,3,Frugal Frequent Buyers
50,50,Trudy Glocke,41,43.90243902439025,18880.3103,3096.2398,0,High Profit Buyers
51,51,Harold Ryan,24,50.0,10029.09236,1456.03576,1,Bargain Hunters
52,52,Deirdre Greer,34,32.35294117647059,16713.74,2374.3181,2,The Reliable Middle
53,53,Sheri Gordon,30,30.0,13816.9473,2338.9888,2,The Reliable Middle
54,54,Fred Hopkins,36,38.88888888888889,30400.67452,4609.29112,0,High Profit Buyers
55,55,Guy Phonely,32,31.25,15403.832,1250.1096,2,The Reliable Middle
56,56,Mitch Webber,36,44.44444444444444,23068.5783,4086.5403,0,High Profit Buyers
57,57,Patrick O'Brill,42,45.23809523809524,26707.4562,3778.3637,0,High Profit Buyers
58,58,Chuck Sachs,30,40.0,22755.44428,2943.10958,0,High Profit Buyers
59,59,Keith Dawkins,38,36.84210526315789,26451.2631,5486.1725,0,High Profit Buyers
60,60,Michael Stewart,31,41.935483870967744,17865.2162,1247.3462000000002,3,Frugal Frequent Buyers
61,61,Kimberly Carter,25,40.0,13923.12304,2144.96274,2,The Reliable Middle
62,62,Denny Blanton,27,59.25925925925925,16632.63866,1958.55586,1,Bargain Hunters
63,63,Jonathan Doherty,38,34.21052631578947,19481.75822,1726.79102,3,Frugal Frequent Buyers
64,64,Dave Kipp,39,46.15384615384615,19452.4072,4080.5637,0,High Profit Buyers
65,65,Cari Sayre,34,50.0,22064.3646,2915.3282,0,High Profit Buyers
66,66,Evan Minnotte,26,38.46153846153846,19673.67566,3647.45576,0,High Profit Buyers
67,67,Dianna Wilson,35,31.428571428571427,23454.9616,5029.0892,0,High Profit Buyers
68,68,Alan Schoenberger,35,40.0,21836.4137,2503.6348,0,High Profit Buyers
69,69,Shui Tom,38,39.47368421052632,15007.27106,2234.1029599999997,3,Frugal Frequent Buyers
70,70,Barry Weirich,22,54.54545454545454,17436.5359,3695.4033,1,Bargain Hunters
71,71,Laura Armstrong,46,34.78260869565217,27862.4419,3962.3098,0,High Profit Buyers
72,72,Aimee Bixby,28,46.42857142857143,16201.1746,2926.3543,2,The Reliable Middle
73,73,Christopher Martinez,28,46.42857142857143,22463.58392,3010.03432,0,High Profit Buyers
74,74,Bobby Elias,37,51.35135135135135,18411.92896,3789.15606,0,High Profit Buyers
75,75,Sam Zeldin,41,51.21951219512195,16356.526,2915.8473,3,Frugal Frequent Buyers
76,76,Raymond Messe,32,50.0,18317.12712,1855.40302,3,Frugal Frequent Buyers
77,77,Harry Greene,39,43.58974358974359,24216.45252,-291.49227999999994,3,Frugal Frequent Buyers
78,78,Andy Reiter,21,33.33333333333333,8545.5505,3139.0833,2,The Reliable Middle
79,79,Tom Prescott,24,45.83333333333333,12877.67182,346.1872200000001,1,Bargain Hunters
80,80,Anne McFarland,36,38.88888888888889,25522.3345,3238.5851,0,High Profit Buyers
81,81,Alejandro Ballentine,39,46.15384615384615,15466.2184,758.6139,3,Frugal Frequent Buyers
82,82,Rachel Payne,32,56.25,14999.9289,1902.7221,3,Frugal Frequent Buyers
83,83,Berenike Kampe,28,39.28571428571429,13586.25136,2447.6789599999997,2,The Reliable Middle
84,84,Janet Martin,28,53.57142857142857,18018.66282,1664.65432,1,Bargain Hunters
85,85,Lindsay Williams,33,42.42424242424242,10981.6205,1486.9264,2,The Reliable Middle
86,86,Nick Zandusky,29,41.37931034482759,20270.28212,2091.27572,2,The Reliable Middle
87,87,Stuart Van,32,46.875,22304.41318,978.6733800000002,3,Frugal Frequent Buyers
88,88,Steve Chapman,39,51.28205128205128,23399.9425,2165.6836,3,Frugal Frequent Buyers
89,89,Noah Childs,30,40.0,17343.83758,2262.91458,2,The Reliable Middle
90,90,Natalie Fritzler,40,55.00000000000001,31781.2585,1542.8211,3,Frugal Frequent Buyers
91,91,Paul MacIntyre,31,51.61290322580645,14342.4504,1178.3952,1,Bargain Hunters
92,92,Maria Zettner,30,43.33333333333334,17958.1603,2254.5034,3,Frugal Frequent Buyers
93,93,Henry MacAllister,33,45.45454545454545,17128.0896,2673.3391,3,Frugal Frequent Buyers
94,94,Rick Wilson,32,46.875,25122.1225,5177.4288,0,High Profit Buyers
95,95,Logan Haushalter,37,56.75675675675676,17292.2398,1519.531,3,Frugal Frequent Buyers
96,96,Khloe Miller,32,59.375,10973.8066,847.8977,1,Bargain Hunters
97,97,Adam Bellavance,40,42.5,20186.7784,4979.9769,0,High Profit Buyers
98,98,Dave Brooks,34,55.88235294117647,25547.16966,3652.36086,0,High Profit Buyers
99,99,Valerie Mitchum,37,54.054054054054056,14567.10032,-1645.79878,3,Frugal Frequent Buyers
100,100,Don Miller,25,48.0,11831.64768,-273.41551999999984,1,Bargain Hunters
101,101,Neoma Murray,28,46.42857142857143,13869.136,3142.6994999999997,2,The Reliable Middle
102,102,Rose O'Brian,37,45.94594594594595,21913.5415,868.8819,3,Frugal Frequent Buyers
103,103,Sarah Brown,36,47.222222222222214,22302.89772,1668.65412,3,Frugal Frequent Buyers
104,104,Erin Mull,26,30.76923076923077,15321.55558,3939.46018,2,The Reliable Middle
105,105,Roland Schwarz,31,38.70967741935484,15106.27128,3472.16638,2,The Reliable Middle
106,106,Odella Nelson,35,48.57142857142857,19271.70624,2783.30724,3,Frugal Frequent Buyers
107,107,Vivek Sundaresam,19,52.63157894736842,11411.989,1586.6187,1,Bargain Hunters
108,108,Chad McGuire,23,30.434782608695656,16565.3193,2442.3472,2,The Reliable Middle
109,109,Tom Boeckenhauer,35,51.42857142857142,24479.311,4196.3499,0,High Profit Buyers
110,110,Adrian Barton,40,60.0,25123.18,6417.2845,0,High Profit Buyers
111,111,Don Weiss,24,58.33333333333334,14383.002,425.70920000000007,1,Bargain Hunters
112,112,Penelope Sewall,31,32.25806451612903,30081.6754,4338.8111,0,High Profit Buyers
113,113,Christopher Conant,38,36.84210526315789,35187.0764,5603.3337,0,High Profit Buyers
114,114,Toby Carlisle,32,46.875,20122.8061,1497.4768,3,Frugal Frequent Buyers
115,115,Gary McGarr,32,37.5,16517.67788,1665.01388,2,The Reliable Middle
116,116,Michael Moore,38,42.10526315789473,21733.684,2058.909,3,Frugal Frequent Buyers
117,117,Julie Kriz,32,40.625,15647.78664,1894.19924,2,The Reliable Middle
118,118,Don Jones,38,28.947368421052634,21396.9779,4310.462,0,High Profit Buyers
119,119,Alyssa Tate,35,40.0,14942.2985,2795.5313,3,Frugal Frequent Buyers
120,120,Aaron Bergman,37,43.24324324324324,24644.6275,4683.208,0,High Profit Buyers
121,121,Resi Pölking,39,46.15384615384615,22050.8875,1068.3838,3,Frugal Frequent Buyers
122,122,Max Jones,29,58.62068965517241,16484.553,2437.6299,1,Bargain Hunters
123,123,Paul Van Hugh,33,39.39393939393939,18931.297,4055.5694,0,High Profit Buyers
124,124,Sean Braxton,25,44.0,20513.9368,-1896.9793,1,Bargain Hunters
125,125,Sally Matthias,29,48.275862068965516,13063.9675,1528.3608,1,Bargain Hunters
126,126,Katharine Harms,38,39.47368421052632,18416.8525,3611.0256,0,High Profit Buyers
127,127,Mike Pelletier,41,53.65853658536585,24214.4268,532.5997000000001,3,Frugal Frequent Buyers
128,128,Lisa Hazard,21,33.33333333333333,9162.9978,1338.0789,2,The Reliable Middle
129,129,Natalie DeCherney,28,46.42857142857143,13703.38482,2620.28132,2,The Reliable Middle
130,130,Corey Roper,36,41.66666666666667,22351.10268,2345.12208,0,High Profit Buyers
131,131,Greg Matthias,36,63.888888888888886,13601.01144,-1337.92006,3,Frugal Frequent Buyers
132,132,Ryan Akin,32,43.75,13740.6153,896.7278,3,Frugal Frequent Buyers
133,133,Bart Watters,44,50.0,32310.4465,3595.8859,0,High Profit Buyers
134,134,Roland Fjeld,24,37.5,13089.2177,1123.5285,2,The Reliable Middle
135,135,Anna Gayman,29,62.068965517241374,15391.967,923.0617,1,Bargain Hunters
136,136,Dario Medina,41,65.85365853658537,22299.98292,2306.92722,3,Frugal Frequent Buyers
137,137,Karen Daniels,30,43.33333333333334,24017.3275,2890.6947000000005,0,High Profit Buyers
138,138,Bill Eplett,42,35.714285714285715,28479.1674,7410.0053,0,High Profit Buyers
139,139,Sean O'Donnell,31,41.935483870967744,16366.44492,2407.04362,2,The Reliable Middle
140,140,Damala Kotsonis,41,53.65853658536585,20963.6977,2917.8505,3,Frugal Frequent Buyers
141,141,Liz Carlisle,29,48.275862068965516,20127.52582,2847.60982,3,Frugal Frequent Buyers
142,142,Claire Gute,23,47.82608695652174,14661.67402,2566.57842,1,Bargain Hunters
143,143,Toby Braunhardt,35,42.857142857142854,11701.33466,1247.46136,3,Frugal Frequent Buyers
144,144,Hunter Glantz,36,50.0,16214.4186,1532.9159,3,Frugal Frequent Buyers
145,145,Alan Dominguez,30,46.66666666666666,18539.7928,1539.9922,3,Frugal Frequent Buyers
146,146,Becky Pak,30,43.33333333333334,14806.92346,3576.20716,2,The Reliable Middle
147,147,Andrew Allen,24,54.16666666666666,19759.08278,2071.08818,1,Bargain Hunters
148,148,Rob Lucas,31,38.70967741935484,17287.05048,2703.98888,2,The Reliable Middle
149,149,Cindy Stewart,23,30.434782608695656,13429.7464,-6151.5581,2,The Reliable Middle
150,150,Scot Wooten,30,53.33333333333334,15478.59382,1948.35962,1,Bargain Hunters
151,151,Tom Ashbrook,29,41.37931034482759,40488.0708,6311.9791,0,High Profit Buyers
152,152,Yoseph Carroll,30,43.33333333333334,20164.3776,4347.1766,0,High Profit Buyers
153,153,Jill Matthias,29,37.93103448275862,14176.18,1716.7324,2,The Reliable Middle
154,154,Jason Fortune-,31,54.83870967741936,22816.1923,2692.5273,3,Frugal Frequent Buyers
155,155,John Lee,36,47.222222222222214,25982.318,2393.002,0,High Profit Buyers
156,156,Monica Federle,37,40.54054054054054,21942.8496,2573.3404,0,High Profit Buyers
157,157,Jim Epp,31,61.29032258064516,13949.5474,1371.9133000000002,1,Bargain Hunters
158,158,Christine Phan,34,44.11764705882353,25154.11928,1748.28138,3,Frugal Frequent Buyers
159,159,Eugene Hildebrand,44,54.54545454545454,22420.53362,1660.33082,3,Frugal Frequent Buyers
160,160,Nat Carroll,31,35.483870967741936,16613.30912,-460.8773799999999,2,The Reliable Middle
161,161,Joy Smith,32,68.75,20791.85098,-103.00052,3,Frugal Frequent Buyers
162,162,Alice McCarthy,35,37.14285714285714,18766.1566,2977.8524,0,High Profit Buyers
163,163,Jamie Frazer,35,40.0,20574.8755,1722.6054,3,Frugal Frequent Buyers
164,164,James Galang,40,40.0,21551.526,4549.1004,0,High Profit Buyers
165,165,Dennis Pardue,33,36.36363636363637,11658.9212,2688.1890000000003,2,The Reliable Middle
166,166,Alex Grayson,35,54.285714285714285,15067.05118,1006.97208,3,Frugal Frequent Buyers
167,167,Grace Kelly,28,50.0,19980.3709,3495.2934,0,High Profit Buyers
168,168,Neil Französisch,27,33.33333333333333,12649.9209,2920.0567,2,The Reliable Middle
169,169,Daniel Raglin,39,56.41025641025641,27929.86492,6103.97292,0,High Profit Buyers
170,170,Nona Balk,27,59.25925925925925,10081.8206,1453.4045,1,Bargain Hunters
171,171,Nathan Mautz,39,20.51282051282051,24276.9559,5789.1168,0,High Profit Buyers
172,172,Nora Paige,24,33.33333333333333,15710.88426,3035.66246,2,The Reliable Middle
173,173,Shahid Collister,40,50.0,17678.88424,1692.37974,3,Frugal Frequent Buyers
174,174,Pete Armstrong,27,48.148148148148145,10393.81376,1555.35456,1,Bargain Hunters
175,175,Rob Beeghly,30,50.0,11548.392,1495.9239,1,Bargain Hunters
176,176,Steven Roelle,35,37.14285714285714,19374.3,4387.3584,0,High Profit Buyers
177,177,Rick Huthwaite,30,40.0,13437.18096,1664.6644600000002,2,The Reliable Middle
178,178,Larry Hughes,27,59.25925925925925,8690.7402,641.2019000000001,1,Bargain Hunters
179,179,Ken Black,28,50.0,16602.5295,1351.0226,1,Bargain Hunters
180,180,Eleni McCrary,28,42.857142857142854,14582.60704,1897.36954,2,The Reliable Middle
181,181,Mary Zewe,33,48.48484848484848,16577.13784,1883.04214,3,Frugal Frequent Buyers
182,182,Denise Monton,31,51.61290322580645,22053.3105,-2597.8029,3,Frugal Frequent Buyers
183,183,Carol Adams,33,48.48484848484848,23993.6624,3279.0813,0,High Profit Buyers
184,184,Sean Christensen,33,42.42424242424242,20903.902,462.2787,3,Frugal Frequent Buyers
185,185,Mick Hernandez,33,48.48484848484848,13277.807,1488.1886,3,Frugal Frequent Buyers
186,186,Karen Seio,24,37.5,5324.97318,1113.68218,2,The Reliable Middle
187,187,Bruce Geld,26,38.46153846153846,15381.7965,1426.6284,2,The Reliable Middle
188,188,Christy Brittain,26,42.30769230769231,13938.11536,2087.08366,2,The Reliable Middle
189,189,Anne Pryor,25,40.0,16361.7603,2992.7651,2,The Reliable Middle
190,190,Cyra Reiten,29,31.034482758620687,15658.56256,3312.72046,2,The Reliable Middle
191,191,Bart Folk,26,50.0,13942.7317,2084.5089,1,Bargain Hunters
192,192,Janet Molinari,33,39.39393939393939,16168.4657,2780.094,2,The Reliable Middle
193,193,Tamara Willingham,32,37.5,14255.0056,3275.0801,2,The Reliable Middle
194,194,Randy Bradley,37,37.83783783783784,22898.02462,4151.35242,0,High Profit Buyers
195,195,Joseph Airdo,32,53.125,18162.6977,842.33,3,Frugal Frequent Buyers
196,196,Jim Radford,23,34.78260869565217,15923.1256,-760.4169,2,The Reliable Middle
197,197,Maribeth Dona,34,47.058823529411754,17829.52532,1230.63332,3,Frugal Frequent Buyers
198,198,Pete Kriz,32,53.125,18661.6945,1664.5781,3,Frugal Frequent Buyers
199,199,Theone Pippenger,38,47.368421052631575,23959.02628,2073.88638,3,Frugal Frequent Buyers
200,200,Jim Kriz,30,50.0,13065.8795,2754.2758,1,Bargain Hunters
201,201,Carlos Daly,29,34.48275862068966,20117.9664,5028.9094,0,High Profit Buyers
202,202,Emily Phan,36,44.44444444444444,16771.30774,2103.96474,3,Frugal Frequent Buyers
203,203,Maxwell Schwartz,39,35.8974358974359,17921.49504,2851.78544,0,High Profit Buyers
204,204,Corinna Mitchell,30,46.66666666666666,15578.55668,-955.06242,1,Bargain Hunters
205,205,Julie Creighton,33,45.45454545454545,14994.04488,-1889.10592,3,Frugal Frequent Buyers
206,206,George Bell,29,44.827586206896555,12183.653,656.2901,1,Bargain Hunters
207,207,Justin Hirsh,40,42.5,23918.9014,3994.6644,0,High Profit Buyers
208,208,Michelle Tran,30,56.66666666666666,17772.3219,-1788.0442,1,Bargain Hunters
209,209,Cynthia Voltz,27,48.148148148148145,14852.9826,1910.1065,1,Bargain Hunters
210,210,Nicole Hansen,28,39.28571428571429,21303.4483,4075.4649,0,High Profit Buyers
211,211,Heather Jas,37,32.432432432432435,15434.0162,2618.261,2,The Reliable Middle
212,212,James Lanier,32,59.375,14852.96246,1701.17116,3,Frugal Frequent Buyers
213,213,Muhammed Yedwab,38,55.26315789473685,29642.66118,2642.65408,0,High Profit Buyers
214,214,Mitch Willingham,29,41.37931034482759,19003.8329,145.51290000000014,3,Frugal Frequent Buyers
215,215,Kelly Collister,30,46.66666666666666,19403.02326,2358.10316,3,Frugal Frequent Buyers
216,216,Helen Andreada,31,41.935483870967744,10411.0721,1561.1586,2,The Reliable Middle
217,217,Meg Tillman,33,51.51515151515152,15346.1068,793.4146000000001,3,Frugal Frequent Buyers
218,218,Fred Wasserman,33,27.27272727272727,18193.5591,1683.7904,2,The Reliable Middle
219,219,Brosina Hoffman,40,57.49999999999999,28120.621,4876.9398,0,High Profit Buyers
220,220,Dana Kaydos,27,48.148148148148145,19632.75916,1363.56276,1,Bargain Hunters
221,221,Sung Chung,28,50.0,11266.74502,1696.69872,1,Bargain Hunters
222,222,Craig Yedwab,34,50.0,14221.5023,1542.243,3,Frugal Frequent Buyers
223,223,Hunter Lopez,24,45.83333333333333,30243.56658,7816.567779999999,0,High Profit Buyers
224,224,Carol Triggs,28,39.28571428571429,14138.57504,2437.80334,2,The Reliable Middle
225,225,Georgia Rosenberg,30,50.0,13850.58654,496.27973999999995,1,Bargain Hunters
226,226,Ted Trevino,32,46.875,17245.3939,2320.3586,3,Frugal Frequent Buyers
227,227,Phillina Ober,29,51.724137931034484,19099.36688,-1026.1020199999998,1,Bargain Hunters
228,228,Emily Ducich,38,47.368421052631575,18544.353,2572.4465,3,Frugal Frequent Buyers
229,229,Tony Molinari,34,41.17647058823529,15971.8783,1500.9713,3,Frugal Frequent Buyers
230,230,Anthony Witt,31,48.38709677419355,15147.25552,1216.41202,3,Frugal Frequent Buyers
231,231,Annie Thurman,34,32.35294117647059,13387.7549,2659.7779,2,The Reliable Middle
232,232,Speros Goranitis,35,60.0,12944.60556,1541.10256,3,Frugal Frequent Buyers
233,233,Bryan Mills,43,37.2093023255814,20691.1949,2512.6168,0,High Profit Buyers
234,234,Dennis Kane,36,33.33333333333333,20105.314,2965.5079,0,High Profit Buyers
235,235,Phillip Flathmann,36,41.66666666666667,13389.4717,940.8555,3,Frugal Frequent Buyers
236,236,Toby Gnade,32,43.75,13019.6486,2986.457,2,The Reliable Middle
237,237,Sarah Foster,35,45.714285714285715,15652.9454,829.764,3,Frugal Frequent Buyers
238,238,Chad Cunningham,28,35.714285714285715,12520.17124,2622.62744,2,The Reliable Middle
239,239,Russell D'Ascenzo,33,42.42424242424242,15816.98032,1230.36572,3,Frugal Frequent Buyers
240,240,Charles Sheldon,32,46.875,20046.1943,4328.5768,0,High Profit Buyers
241,241,Julia Dunbar,26,42.30769230769231,11224.48096,564.90306,1,Bargain Hunters
242,242,Greg Hansen,37,45.94594594594595,13998.52062,1584.66962,3,Frugal Frequent Buyers
243,243,Carlos Meador,23,39.130434782608695,10148.3064,2206.362,2,The Reliable Middle
244,244,Rick Bensley,38,36.84210526315789,20853.6794,4066.46,0,High Profit Buyers
245,245,Ross Baird,40,40.0,19312.16934,2350.53014,3,Frugal Frequent Buyers
246,246,Dionis Lloyd,32,37.5,16645.788,1560.868,2,The Reliable Middle
247,247,Thomas Seio,35,42.857142857142854,14530.27092,2349.54862,3,Frugal Frequent Buyers
248,248,Mike Vittorini,35,40.0,19572.0756,1360.0398,3,Frugal Frequent Buyers
249,249,Brendan Dodson,24,29.16666666666667,10920.79974,2024.70374,2,The Reliable Middle
250,250,Pamela Stobb,33,39.39393939393939,17632.7514,1293.1114,3,Frugal Frequent Buyers
251,251,Filia McAdams,36,50.0,17289.0118,1394.0246,3,Frugal Frequent Buyers
252,252,Cynthia Arntzen,29,51.724137931034484,19836.361,3891.2645,0,High Profit Buyers
253,253,Cynthia Delaney,30,46.66666666666666,14498.9025,2154.3027,2,The Reliable Middle
254,254,Nancy Lomonaco,27,48.148148148148145,10838.6528,-566.9291000000001,1,Bargain Hunters
255,255,Ted Butterfield,32,40.625,16026.84872,1559.26902,2,The Reliable Middle
256,256,Ken Brennan,36,27.77777777777778,11463.6947,1046.2451,2,The Reliable Middle
257,257,Katrina Willman,26,61.53846153846154,15747.2556,3107.0106,1,Bargain Hunters
258,258,Maureen Gnade,32,46.875,18326.2228,845.6976000000001,3,Frugal Frequent Buyers
259,259,Harry Marie,41,46.34146341463415,28476.9376,6958.2864,0,High Profit Buyers
260,260,Beth Paige,32,62.5,12832.23978,1958.09908,1,Bargain Hunters
261,261,Henia Zydlo,27,62.96296296296296,12486.8208,741.4829000000001,1,Bargain Hunters
262,262,Tamara Chand,35,31.428571428571427,37457.333,8672.8989,0,High Profit Buyers
263,263,Elizabeth Moffitt,32,50.0,14506.33616,1988.07236,3,Frugal Frequent Buyers
264,264,Bryan Spruell,29,31.034482758620687,17252.0658,2783.2074,2,The Reliable Middle
265,265,Dianna Vittorini,25,20.0,16948.69688,3342.72258,2,The Reliable Middle
266,266,Maria Bertelson,35,54.285714285714285,21603.93432,4622.34732,0,High Profit Buyers
267,267,Pauline Chand,21,52.38095238095239,10634.4953,833.3308999999999,1,Bargain Hunters
268,268,Christine Abelman,26,42.30769230769231,7802.29086,867.15866,1,Bargain Hunters
269,269,Karen Carlisle,34,44.11764705882353,10416.3223,1979.5,2,The Reliable Middle
270,270,Duane Benoit,23,56.52173913043478,13604.77684,1417.79834,1,Bargain Hunters
271,271,Scott Cohen,33,54.54545454545454,12532.7104,1222.6708,1,Bargain Hunters
272,272,Bradley Drucker,28,39.28571428571429,13141.8965,2381.066,2,The Reliable Middle
273,273,Becky Martin,34,55.88235294117647,27169.9827,-1096.9254,3,Frugal Frequent Buyers
274,274,Karl Braun,40,52.5,17500.47728,1785.86258,3,Frugal Frequent Buyers
275,275,John Murray,34,41.17647058823529,22386.2145,2318.1149,0,High Profit Buyers
276,276,Art Foster,36,58.33333333333334,20066.15728,2971.23478,3,Frugal Frequent Buyers
277,277,Shirley Jackson,27,40.74074074074074,13384.859,1581.8093,2,The Reliable Middle
278,278,William Brown,39,41.02564102564102,16887.1932,2547.9023,3,Frugal Frequent Buyers
279,279,Corey Catlett,29,55.172413793103445,17605.028,3003.011,3,Frugal Frequent Buyers
280,280,Brad Eason,26,50.0,18983.8353,978.0241,1,Bargain Hunters
281,281,Maribeth Schnelling,39,41.02564102564102,21682.5467,3529.3421999999996,0,High Profit Buyers
282,282,Nora Pelletier,33,51.51515151515152,16358.2832,1559.0269,3,Frugal Frequent Buyers
283,283,Robert Marley,26,38.46153846153846,12867.0545,2542.2423,2,The Reliable Middle
284,284,Skye Norling,30,30.0,14218.814,-2637.9805,2,The Reliable Middle
285,285,Christina DeMoss,29,37.93103448275862,17984.58838,2591.7817800000003,2,The Reliable Middle
286,286,Barry Gonzalez,34,44.11764705882353,20023.5634,1530.178,3,Frugal Frequent Buyers
287,287,Clay Cheatham,28,57.14285714285714,9342.05034,1524.54894,1,Bargain Hunters
288,288,Stewart Visinsky,33,45.45454545454545,17232.3651,2182.7873,3,Frugal Frequent Buyers
289,289,Helen Wasserman,35,40.0,18374.026,2555.1131,0,High Profit Buyers
290,290,Alejandro Savely,42,28.57142857142857,21118.32446,2533.56606,0,High Profit Buyers
291,291,Lela Donovan,37,37.83783783783784,16184.63858,1486.73868,3,Frugal Frequent Buyers
292,292,Neola Schneider,29,68.96551724137932,15797.14274,-687.4442600000001,1,Bargain Hunters
293,293,Craig Molinari,24,45.83333333333333,11230.8429,1210.3413,1,Bargain Hunters
294,294,Maureen Gastineau,37,54.054054054054056,20360.1221,741.1927000000001,3,Frugal Frequent Buyers
295,295,Dean Braden,32,65.625,14130.6169,1425.8078,1,Bargain Hunters
296,296,Cari Schnelling,29,41.37931034482759,12174.59882,1319.89432,2,The Reliable Middle
297,297,Greg Guthrie,31,51.61290322580645,13903.38476,1523.52326,1,Bargain Hunters
298,298,Brad Norvell,35,42.857142857142854,26201.95588,2124.05298,0,High Profit Buyers
299,299,Brian Stugart,31,45.16129032258064,22570.789,3612.8758,0,High Profit Buyers
300,300,Amy Cox,23,52.17391304347826,17152.987399999998,3980.4112,1,Bargain Hunters
301,301,Chloris Kastensmidt,43,60.46511627906976,14575.90484,965.81294,3,Frugal Frequent Buyers
302,302,Justin Deggeller,32,25.0,23611.61948,2625.31888,0,High Profit Buyers
303,303,Melanie Seite,33,51.51515151515152,16106.3013,2060.2845,3,Frugal Frequent Buyers
304,304,Suzanne McNair,38,39.47368421052632,12889.08614,1170.85834,3,Frugal Frequent Buyers
305,305,Craig Leslie,34,35.294117647058826,19376.0248,2670.3287,0,High Profit Buyers
306,306,Charles McCrossin,30,53.33333333333334,20155.95942,746.68682,3,Frugal Frequent Buyers
307,307,John Castell,26,46.15384615384615,12295.27204,1858.38624,1,Bargain Hunters
308,308,Lena Hernandez,32,53.125,12939.16928,997.38998,1,Bargain Hunters
309,309,Darrin Van Huff,36,61.111111111111114,22746.33192,616.32492,3,Frugal Frequent Buyers
310,310,Bradley Talbott,31,45.16129032258064,15344.099,1453.6353,3,Frugal Frequent Buyers
311,311,Brian Moss,32,53.125,17458.10208,4385.84518,0,High Profit Buyers
312,312,Mitch Gastineau,35,42.857142857142854,18011.8396,1822.4353,3,Frugal Frequent Buyers
313,313,Roger Barcio,27,48.148148148148145,15306.1556,2879.5411,1,Bargain Hunters
314,314,Frank Carlisle,29,34.48275862068966,12408.4468,2780.7909999999997,2,The Reliable Middle
315,315,Thomas Thornton,28,57.14285714285714,15050.96416,1661.20726,1,Bargain Hunters
316,316,Sarah Jordon,41,46.34146341463415,16068.95068,2511.86098,3,Frugal Frequent Buyers
317,317,Patrick Bzostek,26,53.84615384615385,14863.06974,1743.07944,1,Bargain Hunters
318,318,Robert Waldorf,33,30.303030303030305,12599.138,2137.0023,2,The Reliable Middle
319,319,Dennis Bolton,30,50.0,10611.34436,1922.71686,1,Bargain Hunters
320,320,David Kendrick,36,36.11111111111111,17561.585,2179.1377,3,Frugal Frequent Buyers
321,321,Mark Packer,28,57.14285714285714,12986.9128,2172.9781,1,Bargain Hunters
322,322,Trudy Brown,35,54.285714285714285,15076.9491,1500.6631,3,Frugal Frequent Buyers
323,323,Meg O'Connel,32,37.5,18003.3888,3104.0855,0,High Profit Buyers
324,324,Mathew Reese,27,40.74074074074074,21571.9523,3711.2306,0,High Profit Buyers
325,325,Ruben Ausman,31,35.483870967741936,15938.76708,3320.46868,2,The Reliable Middle
326,326,Mike Gockenbach,27,44.44444444444444,23377.0722,6458.6762,0,High Profit Buyers
327,327,Justin Ellison,27,48.148148148148145,12908.43436,2928.30396,1,Bargain Hunters
328,328,Juliana Krohn,36,44.44444444444444,23134.25284,1798.24734,3,Frugal Frequent Buyers
329,329,Eric Murdock,45,51.11111111111111,28084.40348,3306.01548,0,High Profit Buyers
330,330,Denny Joy,32,46.875,22562.07114,3255.39614,0,High Profit Buyers
331,331,Bobby Odegard,29,37.93103448275862,15027.84252,2556.82472,2,The Reliable Middle
332,332,Luke Weiss,28,50.0,12051.50544,849.3825400000001,1,Bargain Hunters
333,333,Pauline Johnson,29,55.172413793103445,15843.53916,2102.49306,1,Bargain Hunters
334,334,Kunst Miller,26,42.30769230769231,16969.674,2759.1905,2,The Reliable Middle
335,335,Brooke Gillingham,24,54.16666666666666,11212.17038,417.31988,1,Bargain Hunters
336,336,Chad Sievert,26,46.15384615384615,12348.499,-4.0671,1,Bargain Hunters
337,337,Mark Cousins,35,57.14285714285714,16545.25618,2851.25848,3,Frugal Frequent Buyers
338,338,Brian Derr,32,43.75,16919.9613,2792.3093,3,Frugal Frequent Buyers
339,339,Randy Ferguson,32,40.625,16599.2978,3093.955,0,High Profit Buyers
340,340,Kristen Hastings,43,44.18604651162791,19854.4741,2370.5742,3,Frugal Frequent Buyers
341,341,Cindy Chapman,37,40.54054054054054,20869.68146,4034.85446,0,High Profit Buyers
342,342,Larry Tron,33,30.303030303030305,18619.11294,4213.65294,0,High Profit Buyers
343,343,Barbara Fisher,30,50.0,9835.0112,1833.7316,1,Bargain Hunters
344,344,Caroline Jumper,28,57.14285714285714,19579.5646,2417.592,3,Frugal Frequent Buyers
345,345,Sally Hughsby,36,52.777777777777786,18951.65694,1795.36144,3,Frugal Frequent Buyers
346,346,Sara Luxemburg,45,26.66666666666667,16832.471,1899.9305,0,High Profit Buyers
347,347,Jennifer Braxton,39,43.58974358974359,15257.5339,2451.8621,3,Frugal Frequent Buyers
348,348,Tim Brockman,41,43.90243902439025,19100.9267,3065.7062,0,High Profit Buyers
349,349,Paul Stevenson,36,36.11111111111111,19618.35282,1834.19372,3,Frugal Frequent Buyers
350,350,Brenda Bowman,31,54.83870967741936,16004.79988,1738.84688,3,Frugal Frequent Buyers
351,351,Susan Pistek,31,38.70967741935484,29020.60386,6484.40726,0,High Profit Buyers
352,352,Dean percer,33,24.24242424242424,22834.91032,3959.16412,0,High Profit Buyers
353,353,Gary Zandusky,41,43.90243902439025,24705.325,3742.4389,0,High Profit Buyers
354,354,Adam Hart,41,43.90243902439025,21718.20142,1902.03342,3,Frugal Frequent Buyers
355,355,Cassandra Brandow,29,37.93103448275862,13526.2086,208.8285,2,The Reliable Middle
356,356,Sample Company A,36,50.0,19125.07302,18.42532000000012,3,Frugal Frequent Buyers
357,357,Scot Coram,28,50.0,22127.775,3071.368,0,High Profit Buyers
358,358,Jill Stevenson,23,60.86956521739131,10141.3295,-161.19350000000006,1,Bargain Hunters
359,359,Bill Stewart,27,66.66666666666666,18775.4363,1815.0301,1,Bargain Hunters
360,360,Jack Lebron,39,53.84615384615385,18673.89914,1040.17754,3,Frugal Frequent Buyers
361,361,Adam Shillingsburg,34,50.0,15444.67672,1421.27412,3,Frugal Frequent Buyers
362,362,Ed Ludwig,34,35.294117647058826,14207.254,1155.5394,2,The Reliable Middle
363,363,Frank Hawley,27,44.44444444444444,13682.63,3547.5756,2,The Reliable Middle
364,364,Olvera Toch,36,44.44444444444444,19758.81566,1831.00136,3,Frugal Frequent Buyers
365,365,Sean Miller,27,48.148148148148145,35170.93296,-409.70634,3,Frugal Frequent Buyers
366,366,Peter McVee,26,23.076923076923077,11286.9559,1018.6376,2,The Reliable Middle
367,367,Tom Stivers,29,48.275862068965516,15344.9966,2364.9883,1,Bargain Hunters
368,368,Lynn Smith,29,34.48275862068966,11712.139,1498.1314,2,The Reliable Middle
369,369,Candace McMahon,28,60.71428571428571,14794.6744,-2798.7906,1,Bargain Hunters
370,370,Frank Gastineau,26,46.15384615384615,9704.7165,1034.1122,1,Bargain Hunters
371,371,Kristina Nunn,24,50.0,10715.636,1698.5085,1,Bargain Hunters
372,372,Tracy Blumstein,43,55.81395348837209,20708.28272,257.3616199999999,3,Frugal Frequent Buyers
373,373,Keith Herrera,32,21.875,16884.736,2196.8332,2,The Reliable Middle
374,374,Denise Leinenbach,37,40.54054054054054,17940.981,2747.4922,0,High Profit Buyers
375,375,Katherine Nockton,32,53.125,19668.86634,4145.19254,0,High Profit Buyers
376,376,Susan Vittorini,31,61.29032258064516,15685.4387,668.4789000000001,1,Bargain Hunters
377,377,Michael Dominguez,33,51.51515151515152,22429.16074,3772.40044,0,High Profit Buyers
378,378,Luke Schmidt,28,53.57142857142857,15599.39722,1653.96822,1,Bargain Hunters
379,379,Chuck Magee,28,57.14285714285714,13713.28608,1476.65568,1,Bargain Hunters
380,380,Saphhira Shifley,39,51.28205128205128,23630.23104,-612.3282600000002,3,Frugal Frequent Buyers
381,381,Gary Hwang,39,46.15384615384615,24625.593,3908.1151,0,High Profit Buyers
382,382,Todd Sumrall,37,43.24324324324324,27775.262,5093.9654,0,High Profit Buyers
383,383,Duane Huffman,29,37.93103448275862,12479.1525,2151.1435,2,The Reliable Middle
384,384,Muhammed MacIntyre,32,31.25,10720.999,2166.4666,2,The Reliable Middle
385,385,Art Ferguson,43,44.18604651162791,28187.3405,2278.3037000000004,0,High Profit Buyers
386,386,Tony Sayre,31,58.06451612903226,19737.3623,2149.3462,3,Frugal Frequent Buyers
387,387,Brendan Murry,34,41.17647058823529,12055.31508,282.13467999999995,2,The Reliable Middle
388,388,Andrew Gjertsen,38,52.63157894736842,16384.302059999998,2642.21386,3,Frugal Frequent Buyers
389,389,Steven Ward,38,39.47368421052632,25668.486,2794.7316,0,High Profit Buyers
390,390,Sally Knutson,26,50.0,13291.82952,2975.51382,1,Bargain Hunters
391,391,Arthur Gainer,32,53.125,19873.64176,1733.24716,3,Frugal Frequent Buyers
392,392,Astrea Jones,27,44.44444444444444,13262.74948,2531.35798,2,The Reliable Middle
393,393,Marc Crier,37,51.35135135135135,15981.0925,2113.4819,3,Frugal Frequent Buyers
394,394,Elpida Rittenbach,26,34.61538461538461,17132.296,2585.7182,2,The Reliable Middle
395,395,Ed Jacobs,29,37.93103448275862,10697.404,1209.9476,2,The Reliable Middle
396,396,Harold Engle,33,33.33333333333333,10993.81722,1710.43802,2,The Reliable Middle
397,397,Kean Thornton,26,42.30769230769231,8360.392100000001,-617.9192,1,Bargain Hunters
398,398,Sarah Bern,18,61.111111111111114,14598.174,2366.9598,1,Bargain Hunters
399,399,Eugene Moren,34,44.11764705882353,23408.08226,3624.25176,0,High Profit Buyers
400,400,Valerie Takahito,30,56.66666666666666,19370.7481,1090.7832,3,Frugal Frequent Buyers
401,401,John Stevenson,25,52.0,12189.0971,491.3969,1,Bargain Hunters
402,402,Becky Castell,32,46.875,15185.489,2485.9604,3,Frugal Frequent Buyers
403,403,Nicole Fjeld,26,57.692307692307686,12267.23752,1371.54862,1,Bargain Hunters
404,404,Rob Haberlin,29,37.93103448275862,7970.16556,1222.37166,2,The Reliable Middle
405,405,Carlos Soltero,36,63.888888888888886,14937.04334,-1000.07596,3,Frugal Frequent Buyers
406,406,Chris McAfee,26,50.0,11620.621,1887.6977,1,Bargain Hunters
407,407,Laurel Workman,30,30.0,10872.60924,1148.80494,2,The Reliable Middle
408,408,Rob Dowd,38,26.31578947368421,21483.5079,3919.9697,0,High Profit Buyers
409,409,Brian Thompson,26,42.30769230769231,14895.1231,1795.5495,2,The Reliable Middle
410,410,Charles Crestani,30,40.0,13348.8466,1307.7991,2,The Reliable Middle
411,411,Xylona Preis,28,39.28571428571429,12198.9506,1304.7226,2,The Reliable Middle
412,412,Maris LaWare,32,50.0,15174.8383,1154.1428,3,Frugal Frequent Buyers
413,413,Quincy Jones,27,40.74074074074074,18579.9741,2243.1929,2,The Reliable Middle
414,414,Richard Eichhorn,30,40.0,16339.18824,2391.4116400000003,2,The Reliable Middle
415,415,Cathy Prescott,32,40.625,19769.5819,1750.5737,3,Frugal Frequent Buyers
416,416,Joe Kamberova,40,40.0,26688.762,4373.5003,0,High Profit Buyers
417,417,Anemone Ratner,27,40.74074074074074,11489.92732,1994.65032,2,The Reliable Middle
418,418,Erica Hernandez,34,44.11764705882353,13004.6121,794.6512999999999,3,Frugal Frequent Buyers
419,419,Jocasta Rupert,23,60.86956521739131,11241.48276,932.52776,1,Bargain Hunters
420,420,Paul Lucas,23,47.82608695652174,15015.9286,2006.5049,1,Bargain Hunters
421,421,Theresa Coyne,32,50.0,22219.86906,3359.81226,0,High Profit Buyers
422,422,Dorris liebe,29,41.37931034482759,14721.8194,1851.7062,2,The Reliable Middle
423,423,Nathan Cano,24,45.83333333333333,10759.22,-724.9872000000001,1,Bargain Hunters
424,424,Eric Barreto,27,37.03703703703704,11967.4679,2091.7421,2,The Reliable Middle
425,425,Daniel Lacy,28,50.0,12196.6768,1108.44,1,Bargain Hunters
426,426,Frank Merwin,38,50.0,16385.02922,2601.29072,3,Frugal Frequent Buyers
427,427,David Philippe,31,61.29032258064516,23729.23412,834.53052,3,Frugal Frequent Buyers
428,428,Clytie Kelty,34,44.11764705882353,17143.14618,2373.63598,3,Frugal Frequent Buyers
429,429,Cari MacIntyre,36,47.222222222222214,21606.226,2484.686,3,Frugal Frequent Buyers
430,430,Paul Prost,33,45.45454545454545,22243.2456,2687.733,0,High Profit Buyers
431,431,Maria Etezadi,39,33.33333333333333,26247.217,3418.5584999999996,0,High Profit Buyers
432,432,Cindy Schnelling,32,50.0,12774.6265,188.87189999999995,1,Bargain Hunters
433,433,Gary Hansen,43,44.18604651162791,15269.81598,613.80548,3,Frugal Frequent Buyers
434,434,Matthew Clasen,38,28.947368421052634,21808.7967,3643.2892,0,High Profit Buyers
435,435,Liz MacKendrick,21,42.857142857142854,15529.853,1868.151,2,The Reliable Middle
436,436,Andrew Roberts,38,28.947368421052634,16916.52336,3561.75886,0,High Profit Buyers
437,437,Jonathan Howell,39,43.58974358974359,16546.7117,705.0602000000001,3,Frugal Frequent Buyers
438,438,Emily Grady,31,45.16129032258064,23112.30168,2604.23728,0,High Profit Buyers
439,439,Ann Steele,29,48.275862068965516,11815.9495,2091.0534,1,Bargain Hunters
440,440,Carl Ludwig,37,37.83783783783784,18183.15636,-164.26294000000007,3,Frugal Frequent Buyers
441,441,Christina Anderson,37,24.324324324324326,21837.3069,3662.118,0,High Profit Buyers
442,442,Philip Fox,41,46.34146341463415,18026.4847,1908.8786,3,Frugal Frequent Buyers
443,443,Darren Budd,15,53.33333333333334,9679.2392,586.9649,1,Bargain Hunters
444,444,Clay Ludtke,35,42.857142857142854,19783.77188,1323.42898,3,Frugal Frequent Buyers
445,445,Maureen Fritzler,30,53.33333333333334,13528.44134,1420.88584,1,Bargain Hunters
446,446,Ionia McGrath,21,47.61904761904761,9479.78976,2447.97986,1,Bargain Hunters
447,447,Erica Bern,40,52.5,16119.2213,3030.7344,3,Frugal Frequent Buyers
448,448,Alex Avila,24,37.5,15990.669,983.2564999999998,2,The Reliable Middle
449,449,Mark Van Huff,31,48.38709677419355,11515.9033,1810.6391,1,Bargain Hunters
450,450,Joni Wasserman,31,45.16129032258064,10948.6287,657.1068,1,Bargain Hunters
451,451,Troy Staebel,33,51.51515151515152,22577.09,1719.5679,3,Frugal Frequent Buyers
452,452,Matt Collins,41,46.34146341463415,17900.84106,1749.34736,3,Frugal Frequent Buyers
453,453,Jennifer Ferguson,33,42.42424242424242,22944.48588,2666.84548,0,High Profit Buyers
454,454,Alan Hwang,37,43.24324324324324,23642.85018,4342.37078,0,High Profit Buyers
455,455,Katherine Ducich,21,23.809523809523807,11693.5004,2428.8306,2,The Reliable Middle
456,456,Paul Gonzalez,34,44.11764705882353,15922.9882,1620.1805,3,Frugal Frequent Buyers
457,457,Heather Kirkland,32,50.0,15543.4091,2494.9302,3,Frugal Frequent Buyers
458,458,Ralph Ritter,25,40.0,13585.89038,2838.98338,2,The Reliable Middle
459,459,Hilary Holden,26,30.76923076923077,15229.30782,2432.32402,2,The Reliable Middle
460,460,Stefanie Holloman,29,34.48275862068966,14205.7258,1978.1796,2,The Reliable Middle
461,461,Anthony Rawles,42,50.0,17339.9476,3117.6468,3,Frugal Frequent Buyers
462,462,Roy Phan,33,54.54545454545454,14612.2234,138.85420000000008,3,Frugal Frequent Buyers
463,463,Lisa Ryan,34,50.0,18796.9522,2449.1383,3,Frugal Frequent Buyers
464,464,Christine Kargatis,34,41.17647058823529,13053.19332,1380.71322,2,The Reliable Middle
465,465,Darren Koutras,34,50.0,14905.4005,1287.9167,3,Frugal Frequent Buyers
466,466,Evan Henry,37,48.64864864864865,16378.28382,2281.5105200000003,3,Frugal Frequent Buyers
467,467,Marina Lichtenstein,32,31.25,15556.47948,1284.23268,2,The Reliable Middle
468,468,Benjamin Farhat,31,58.06451612903226,13367.8575,641.3188,1,Bargain Hunters
469,469,Clay Rozendal,24,45.83333333333333,11757.5765,1945.9958,1,Bargain Hunters
470,470,Kean Nguyen,33,54.54545454545454,18061.9801,2257.2164,3,Frugal Frequent Buyers
471,471,Hallie Redmond,26,46.15384615384615,15677.251,1705.2724,1,Bargain Hunters
472,472,Cyma Kinney,38,31.57894736842105,10590.7544,525.3842999999999,2,The Reliable Middle
473,473,Edward Nazzal,28,57.14285714285714,7068.7724,237.69949999999997,1,Bargain Hunters
474,474,Amy Hunt,24,54.16666666666666,9198.65668,718.33498,1,Bargain Hunters
475,475,Angele Hood,29,37.93103448275862,11358.1131,1610.0721,2,The Reliable Middle
476,476,Richard Bierner,34,44.11764705882353,14797.22952,-1125.65658,3,Frugal Frequent Buyers
477,477,Andy Gerbode,27,51.85185185185184,11339.639,169.38969999999992,1,Bargain Hunters
478,478,Alex Russell,34,41.17647058823529,16466.8682,2290.6598,3,Frugal Frequent Buyers
479,479,Tiffany House,36,50.0,16797.599000000002,1656.287,3,Frugal Frequent Buyers
480,480,Liz Thompson,31,54.83870967741936,21221.76716,3146.42816,3,Frugal Frequent Buyers
481,481,Harold Dahlen,35,48.57142857142857,20074.7482,2631.1922,3,Frugal Frequent Buyers
482,482,Michelle Huthwaite,28,46.42857142857143,12849.1285,861.1837,1,Bargain Hunters
483,483,Charlotte Melton,28,46.42857142857143,12826.54222,117.79151999999996,1,Bargain Hunters
484,484,Russell Applegate,29,48.275862068965516,21395.85342,2164.19772,3,Frugal Frequent Buyers
485,485,Erica Smith,38,36.84210526315789,14720.05094,3127.37644,0,High Profit Buyers
486,486,Craig Carroll,24,50.0,16817.9562,2249.8603000000003,1,Bargain Hunters
487,487,Irene Maddox,33,48.48484848484848,19918.16712,-680.3041800000001,3,Frugal Frequent Buyers
488,488,Dianna Arnett,28,46.42857142857143,15247.41826,-297.83133999999995,1,Bargain Hunters
489,489,Shahid Shariari,37,37.83783783783784,18107.94198,131.51118000000005,3,Frugal Frequent Buyers
490,490,Sean Wendt,30,53.33333333333334,8167.703439999999,1031.54774,1,Bargain Hunters
491,491,Maribeth Yedwab,30,50.0,16469.7212,3559.5073,0,High Profit Buyers
492,492,Henry Goldwyn,38,47.368421052631575,17165.2746,-1597.5109,3,Frugal Frequent Buyers
493,493,Debra Catini,26,50.0,16964.6539,865.3341,1,Bargain Hunters
494,494,Delfina Latchford,33,39.39393939393939,20252.4705,2798.5357,0,High Profit Buyers
495,495,Jay Kimmel,31,51.61290322580645,13400.96604,1550.04784,1,Bargain Hunters
496,496,Cathy Hwang,26,38.46153846153846,15668.17456,2671.50966,2,The Reliable Middle
497,497,Mark Haberlin,32,37.5,11302.8258,1552.0084,2,The Reliable Middle
498,498,Michael Chen,35,42.857142857142854,15939.61202,1213.00542,3,Frugal Frequent Buyers
499,499,Pauline Webber,37,45.94594594594595,13891.06046,1944.80136,3,Frugal Frequent Buyers
500,500,Brendan Sweed,25,40.0,12178.03602,2045.68872,2,The Reliable Middle
501,501,Denny Ordway,42,35.714285714285715,18796.6155,4137.6354,0,High Profit Buyers
502,502,Susan Gilcrest,27,59.25925925925925,12685.08186,541.3085599999999,1,Bargain Hunters
503,503,Stephanie Ulpright,28,50.0,10773.594,510.2519,1,Bargain Hunters
504,504,Thomas Brumley,21,33.33333333333333,11801.84152,2052.3113200000003,2,The Reliable Middle
505,505,Victoria Pisteka,31,41.935483870967744,18551.2255,2390.8627,3,Frugal Frequent Buyers
506,506,Lena Radford,29,44.827586206896555,22902.74156,3371.71596,0,High Profit Buyers
507,507,Tracy Hopkins,30,43.33333333333334,13092.7363,-733.7475000000002,1,Bargain Hunters
508,508,Janet Lee,26,53.84615384615385,20477.10164,4730.68904,0,High Profit Buyers
509,509,Ralph Kennedy,28,57.14285714285714,14000.04458,-1555.78942,1,Bargain Hunters
510,510,Craig Carreira,31,51.61290322580645,11496.6099,-280.9817,1,Bargain Hunters
511,511,Dorothy Badders,24,62.5,10386.3324,1242.2766,1,Bargain Hunters
512,512,Michael Granlund,29,48.275862068965516,13181.3769,-999.7799,1,Bargain Hunters
513,513,Matt Abelman,28,60.71428571428571,12441.95788,519.90348,1,Bargain Hunters
514,514,Dave Hallsten,34,38.23529411764706,16192.3601,1681.8685,2,The Reliable Middle
515,515,Bill Tyler,26,50.0,11796.377,2544.9303,1,Bargain Hunters
516,516,Tim Taslimi,26,34.61538461538461,9779.68,1284.8362,2,The Reliable Middle
517,517,Vivek Gonzalez,29,48.275862068965516,10294.7785,-364.4247,1,Bargain Hunters
518,518,Natalie Webber,33,48.48484848484848,22373.56906,3821.53806,0,High Profit Buyers
519,519,Victor Preis,31,48.38709677419355,12061.269,2232.7958,1,Bargain Hunters
520,520,Joe Elijah,40,55.00000000000001,22455.5689,3620.8885,0,High Profit Buyers
521,521,Alejandro Grove,31,22.58064516129032,13417.21022,2602.57212,2,The Reliable Middle
522,522,Ben Wallace,31,51.61290322580645,14968.18508,2352.20638,3,Frugal Frequent Buyers
523,523,Eileen Kiefer,23,47.82608695652174,7128.4292,765.4778,1,Bargain Hunters
524,524,Sandra Glassco,23,47.82608695652174,11853.2314,2883.7084,1,Bargain Hunters
525,525,Steven Cartwright,36,44.44444444444444,16919.91808,2066.03938,3,Frugal Frequent Buyers
526,526,Brian Dahlen,23,43.47826086956522,9892.30214,1425.66744,1,Bargain Hunters
527,527,Peter Bühler,20,55.00000000000001,9895.989,1936.1847,1,Bargain Hunters
528,528,Sonia Cooley,33,45.45454545454545,10013.4443,938.0016,1,Bargain Hunters
529,529,Chris Cortes,43,41.86046511627907,11482.9148,2505.8886,3,Frugal Frequent Buyers
530,530,Annie Zypern,28,46.42857142857143,11871.078,924.3603,1,Bargain Hunters
531,531,Ivan Gibson,35,34.285714285714285,16149.37398,1911.16818,2,The Reliable Middle
532,532,Sung Pak,28,67.85714285714286,13498.08846,1750.68106,1,Bargain Hunters
533,533,Kalyca Meade,20,40.0,8645.9146,369.5323,1,Bargain Hunters
534,534,Michelle Moray,30,50.0,13088.498,1262.7827,1,Bargain Hunters
535,535,Raymond Buch,29,41.37931034482759,29602.1426,8453.049500000001,0,High Profit Buyers
536,536,Steve Nguyen,27,51.85185185185184,13406.18056,2384.85126,1,Bargain Hunters
537,537,Jack Garza,28,39.28571428571429,15709.50388,-922.26102,2,The Reliable Middle
538,538,Carl Jackson,27,48.148148148148145,13970.26496,1957.42696,1,Bargain Hunters
539,539,Andy Yotov,27,25.92592592592592,8543.03044,2290.97634,2,The Reliable Middle
540,540,Benjamin Venier,25,60.0,21365.942,2819.7504,1,Bargain Hunters
541,541,George Zrebassa,30,40.0,15292.1188,4105.5978000000005,0,High Profit Buyers
542,542,Parhena Norris,38,36.84210526315789,12892.57522,2205.4628199999997,2,The Reliable Middle
543,543,Stuart Calhoun,25,48.0,11410.5646,1276.3538,1,Bargain Hunters
544,544,Ann Chong,36,52.777777777777786,15028.15648,880.1277800000001,3,Frugal Frequent Buyers
545,545,Victoria Brennan,25,52.0,10744.68,908.5638,1,Bargain Hunters
546,546,Tonja Turnell,39,43.58974358974359,20081.79746,2230.78936,3,Frugal Frequent Buyers
547,547,Alyssa Crouse,32,40.625,12297.3697,444.03550000000007,2,The Reliable Middle
548,548,Catherine Glotzbach,24,62.5,4115.208,-246.83939999999996,1,Bargain Hunters
549,549,Toby Ritter,24,37.5,12428.90306,2436.90546,2,The Reliable Middle
550,550,Shaun Chance,29,58.62068965517241,9606.51626,357.01935999999995,1,Bargain Hunters
551,551,Beth Thompson,34,32.35294117647059,11627.78,863.9258,2,The Reliable Middle
552,552,Joni Blumstein,27,40.74074074074074,13337.37896,1130.50616,2,The Reliable Middle
553,553,Giulietta Weimer,33,36.36363636363637,18070.2805,1199.0592,2,The Reliable Middle
554,554,Edward Hooks,38,52.63157894736842,21270.298,671.1933999999999,3,Frugal Frequent Buyers
555,555,Yana Sorensen,31,29.03225806451613,20032.438,3450.4063,0,High Profit Buyers
556,556,Frank Olsen,46,39.130434782608695,17772.661500000002,3023.7504,0,High Profit Buyers
557,557,Karen Bern,34,35.294117647058826,11846.018,2319.0706,2,The Reliable Middle
558,558,Kelly Andreada,41,39.02439024390244,18879.78412,1401.39752,3,Frugal Frequent Buyers
559,559,John Dryer,29,62.068965517241374,11590.82176,-1198.71274,1,Bargain Hunters
560,560,John Lucas,25,52.0,10501.278,354.2466,1,Bargain Hunters
561,561,Julia West,28,42.857142857142854,20599.983,2950.0157,0,High Profit Buyers
562,562,Lauren Leatherbury,34,35.294117647058826,14936.93606,894.9398600000001,2,The Reliable Middle
563,563,Thea Hendricks,29,51.724137931034484,15541.0626,1952.4961,1,Bargain Hunters
564,564,Nathan Gelder,35,34.285714285714285,22720.24354,4211.22484,0,High Profit Buyers
565,565,Ken Dana,26,61.53846153846154,12554.42362,1750.72552,1,Bargain Hunters
566,566,Matt Connell,27,44.44444444444444,13227.6119,1366.9685,1,Bargain Hunters
567,567,Jim Karlsson,34,32.35294117647059,17119.1711,3976.3416,0,High Profit Buyers
568,568,Liz Pelletier,29,55.172413793103445,9463.3275,-265.57719999999995,1,Bargain Hunters
569,569,Mary O'Rourke,29,62.068965517241374,11125.2782,519.0088999999999,1,Bargain Hunters
570,570,MaryBeth Skach,32,46.875,14791.84836,1987.37916,3,Frugal Frequent Buyers
571,571,George Ashbrook,31,45.16129032258064,13807.06132,792.3443199999999,3,Frugal Frequent Buyers
572,572,Christine Sundaresam,38,42.10526315789473,10548.057,-1.1518000000000164,3,Frugal Frequent Buyers
573,573,Gene McClure,27,40.74074074074074,11002.55562,1553.25212,2,The Reliable Middle
574,574,Michael Nguyen,27,51.85185185185184,15046.26412,1392.17082,1,Bargain Hunters
575,575,Justin MacKendrick,32,46.875,9026.0566,1519.7949999999998,1,Bargain Hunters
576,576,Doug Bickford,31,35.483870967741936,12855.6088,2967.6800000000003,2,The Reliable Middle
577,577,Paul Knutson,20,55.00000000000001,8231.03756,-308.48943999999995,1,Bargain Hunters
578,578,Linda Southworth,32,53.125,13146.15176,-67.85193999999997,1,Bargain Hunters
579,579,Mick Crebagga,34,50.0,12013.0866,336.1498,3,Frugal Frequent Buyers
580,580,Eric Hoffmann,36,30.555555555555557,10351.42602,2250.05482,2,The Reliable Middle
581,581,Linda Cazamias,34,50.0,16741.38396,2273.42396,3,Frugal Frequent Buyers
582,582,Michelle Arnett,32,31.25,11934.45734,1102.67554,2,The Reliable Middle
583,583,Stephanie Phelps,29,55.172413793103445,11148.76344,1682.80564,1,Bargain Hunters
584,584,Jennifer Halladay,40,47.5,12689.6723,1590.6942,3,Frugal Frequent Buyers
585,585,Max Ludwig,35,45.714285714285715,15533.6044,1837.7616,3,Frugal Frequent Buyers
586,586,Pamela Coakley,25,52.0,11940.05644,-420.10256,1,Bargain Hunters
587,587,Katrina Edelman,35,62.857142857142854,13551.13872,1286.54742,3,Frugal Frequent Buyers
588,588,Steve Carroll,34,41.17647058823529,19821.84528,1708.79308,3,Frugal Frequent Buyers
589,589,John Grady,40,42.5,22223.7662,3280.7801,0,High Profit Buyers
590,590,Philisse Overcash,33,33.33333333333333,17984.2395,2175.7896,2,The Reliable Middle
591,591,Guy Armstrong,28,64.28571428571429,10278.3415,771.9774,1,Bargain Hunters
592,592,Guy Thornton,31,38.70967741935484,9059.28452,784.17932,2,The Reliable Middle
593,593,Patrick Ryan,34,61.76470588235295,14329.26082,409.12542,3,Frugal Frequent Buyers
594,594,Anthony Garverick,34,44.11764705882353,11684.3115,175.3065,3,Frugal Frequent Buyers
595,595,Sanjit Engle,39,38.46153846153846,30146.33502,6015.78392,0,High Profit Buyers
596,596,Julia Barnett,34,38.23529411764706,17086.93168,249.04518000000004,3,Frugal Frequent Buyers
597,597,Jas O'Carroll,25,28.000000000000004,8818.4151,1905.7893,2,The Reliable Middle
598,598,Liz Preis,30,43.33333333333334,16609.511599999998,2122.698,2,The Reliable Middle
599,599,Eva Jacobs,27,48.148148148148145,14956.8346,2794.5691,1,Bargain Hunters
600,600,Victoria Wilson,35,48.57142857142857,17038.5434,294.38090000000005,3,Frugal Frequent Buyers
601,601,Gary Mitchum,21,42.857142857142854,11012.079,2872.1064,2,The Reliable Middle
602,602,Susan MacKendrick,20,25.0,8630.4744,1528.2749,2,The Reliable Middle
603,603,Arthur Wiediger,26,46.15384615384615,11013.01356,2680.96696,1,Bargain Hunters
604,604,Jennifer Patt,36,47.222222222222214,14210.38782,2079.42932,3,Frugal Frequent Buyers
605,605,Alan Shonely,32,53.125,10693.17636,1175.45416,1,Bargain Hunters
606,606,Jeremy Pistek,28,53.57142857142857,18656.57396,3170.16016,3,Frugal Frequent Buyers
607,607,Bryan Davis,30,50.0,13573.39126,1528.27026,1,Bargain Hunters
608,608,Tom Zandusky,32,37.5,15346.8114,367.4914,2,The Reliable Middle
609,609,Jeremy Ellison,29,34.48275862068966,6819.254,1318.1717,2,The Reliable Middle
610,610,Arianne Irving,25,44.0,9278.5763,1538.1774,1,Bargain Hunters
611,611,David Smith,32,46.875,13632.548,1713.4145,3,Frugal Frequent Buyers
612,612,Anna Chung,24,45.83333333333333,8931.70908,-272.1273200000001,1,Bargain Hunters
613,613,Mark Hamilton,37,35.13513513513514,14721.64572,527.0470200000001,3,Frugal Frequent Buyers
614,614,Chuck Clark,31,45.16129032258064,15039.16256,2940.51086,2,The Reliable Middle
615,615,Nat Gilpin,28,39.28571428571429,12009.19936,2806.44286,2,The Reliable Middle
616,616,Roy Collins,25,56.00000000000001,7954.1133,737.7456999999999,1,Bargain Hunters
617,617,Joy Daniels,32,46.875,11343.4093,-604.4102,1,Bargain Hunters
618,618,David Wiener,29,55.172413793103445,10930.5431,1739.0983,1,Bargain Hunters
619,619,Ruben Dartt,38,34.21052631578947,18322.969,3330.6742,0,High Profit Buyers
620,620,Rick Duston,32,34.375,17548.9209,3587.4449,0,High Profit Buyers
621,621,Seth Vernon,36,55.55555555555556,23632.91948,2222.7536800000003,3,Frugal Frequent Buyers
622,622,Lycoris Saunders,34,55.88235294117647,11741.51948,1377.40468,3,Frugal Frequent Buyers
623,623,Giulietta Dortch,31,61.29032258064516,18705.6926,1888.1499,3,Frugal Frequent Buyers
624,624,Edward Becker,25,48.0,9429.144,1487.154,1,Bargain Hunters
625,625,Katherine Hughes,34,44.11764705882353,12204.8744,1842.3875,3,Frugal Frequent Buyers
626,626,Beth Fritzler,29,31.034482758620687,10588.57264,661.45284,2,The Reliable Middle
627,627,Corey-Lock,29,34.48275862068966,13046.86776,1196.03996,2,The Reliable Middle
628,628,Sylvia Foulston,23,56.52173913043478,9253.9828,1895.183,1,Bargain Hunters
629,629,Katrina Bavinger,31,64.51612903225806,14024.6405,618.2365,1,Bargain Hunters
630,630,Lena Cacioppo,29,37.93103448275862,11080.34336,1176.76826,2,The Reliable Middle
631,631,Jeremy Lonsdale,24,33.33333333333333,11361.035,1186.2773,2,The Reliable Middle
632,632,Bruce Degenhardt,42,40.476190476190474,15956.227,2475.1561,3,Frugal Frequent Buyers
633,633,Tamara Manning,29,34.48275862068966,14459.6286,1928.1339,2,The Reliable Middle
634,634,Fred McMath,26,57.692307692307686,7441.9377,1015.5115,1,Bargain Hunters
635,635,Adrian Hane,26,57.692307692307686,11405.91788,2081.37928,1,Bargain Hunters
636,636,Luke Foster,25,52.0,13421.2385,-3644.3475,1,Bargain Hunters
637,637,Doug Jacobs,32,37.5,13854.078,2675.7544000000003,2,The Reliable Middle
638,638,Sanjit Jacobs,37,51.35135135135135,13523.281,1828.0039,3,Frugal Frequent Buyers
639,639,Muhammed Lee,33,39.39393939393939,15844.72116,2314.36396,2,The Reliable Middle
640,640,Marc Harrigan,27,29.629629629629626,15404.03666,2316.01286,2,The Reliable Middle
641,641,Nick Radford,34,52.941176470588246,12891.90158,1669.96578,3,Frugal Frequent Buyers
642,642,Michael Kennedy,41,51.21951219512195,14447.4039,-210.63999999999993,3,Frugal Frequent Buyers
643,643,Patricia Hirasaki,27,44.44444444444444,11182.4063,2743.6261,2,The Reliable Middle
644,644,Alan Barnes,33,42.42424242424242,13049.041,2436.066,2,The Reliable Middle
645,645,Cathy Armstrong,25,60.0,12292.758,1869.7699,1,Bargain Hunters
646,646,Kean Takahito,38,50.0,17257.160200000002,987.5934,3,Frugal Frequent Buyers
647,647,Ed Braxton,33,66.66666666666666,15523.9141,1488.6075999999998,3,Frugal Frequent Buyers
648,648,Michael Grace,34,55.88235294117647,14533.01062,-117.61077999999988,3,Frugal Frequent Buyers
649,649,Matthew Grinstein,22,50.0,13018.97968,2205.32168,1,Bargain Hunters
650,650,Matt Collister,28,28.57142857142857,11672.90168,1907.18878,2,The Reliable Middle
651,651,Brad Thomas,35,48.57142857142857,11682.02454,939.62794,3,Frugal Frequent Buyers
652,652,Emily Burns,24,70.83333333333334,7035.8557,20.558200000000006,1,Bargain Hunters
653,653,Erin Ashbrook,33,54.54545454545454,11518.87572,868.06012,1,Bargain Hunters
654,654,Fred Harton,23,47.82608695652174,10765.00982,2888.0348200000003,1,Bargain Hunters
655,655,Allen Armold,31,48.38709677419355,6538.687,754.9194,1,Bargain Hunters
656,656,Bradley Nguyen,28,25.0,12879.02752,2544.06892,2,The Reliable Middle
657,657,Ricardo Emerson,27,44.44444444444444,14040.49518,2643.68018,2,The Reliable Middle
658,658,Neil Ducich,32,43.75,14784.42172,3168.85352,2,The Reliable Middle
659,659,Michelle Lonsdale,26,38.46153846153846,10368.495,1962.8392,2,The Reliable Middle
660,660,Sibella Parks,23,39.130434782608695,7219.5187,749.2270000000001,2,The Reliable Middle
661,661,Sandra Flanagan,27,37.03703703703704,11257.175,1865.6513,2,The Reliable Middle
662,662,Aaron Smayling,31,45.16129032258064,14212.6284,369.1617999999999,3,Frugal Frequent Buyers
663,663,Alan Haines,32,50.0,15279.75678,-592.24612,3,Frugal Frequent Buyers
664,664,Ken Heidel,30,56.66666666666666,9016.57056,1505.97316,1,Bargain Hunters
665,665,Anna Andreadi,45,44.44444444444444,17312.2147,2443.093,3,Frugal Frequent Buyers
666,666,Lindsay Shagiari,26,42.30769230769231,9363.0997,1778.0724,2,The Reliable Middle
667,667,Ken Lonsdale,33,51.51515151515152,24129.4045,154.90050000000008,3,Frugal Frequent Buyers
668,668,Kelly Williams,38,39.47368421052632,11833.7753,2371.1463,3,Frugal Frequent Buyers
669,669,Frank Atkinson,34,52.941176470588246,14349.6348,1496.1937,3,Frugal Frequent Buyers
670,670,Jill Fjeld,34,50.0,23620.84866,4877.68546,0,High Profit Buyers
671,671,Lori Olson,35,42.857142857142854,13537.5086,1788.7198,3,Frugal Frequent Buyers
672,672,Bruce Stewart,34,52.941176470588246,19237.2195,496.9591,3,Frugal Frequent Buyers
673,673,Herbert Flentye,36,52.777777777777786,11812.8429,-653.1279,3,Frugal Frequent Buyers
674,674,Michael Paige,43,51.162790697674424,17795.5907,1632.695,3,Frugal Frequent Buyers
675,675,Jennifer Jackson,24,45.83333333333333,12187.0514,1022.6992,1,Bargain Hunters
676,676,Logan Currie,35,42.857142857142854,16082.67376,1925.28696,3,Frugal Frequent Buyers
677,677,Barry Französisch,29,55.172413793103445,13208.2773,940.1213,1,Bargain Hunters
678,678,Erin Smith,33,57.57575757575758,18161.5498,2175.2919,3,Frugal Frequent Buyers
679,679,Fred Chung,25,48.0,9321.68964,1496.69624,1,Bargain Hunters
680,680,Theresa Swint,26,23.076923076923077,7936.012,1134.0224,2,The Reliable Middle
681,681,Jasper Cacioppo,34,50.0,18442.3896,337.7910000000001,3,Frugal Frequent Buyers
682,682,Maya Herman,35,31.428571428571427,13590.96604,1470.52944,2,The Reliable Middle
683,683,Roy Französisch,37,43.24324324324324,15649.19768,2841.73178,3,Frugal Frequent Buyers
684,684,Patrick Gardner,41,43.90243902439025,16482.5046,1975.1889,3,Frugal Frequent Buyers
685,685,Doug O'Connell,29,55.172413793103445,13772.73292,1816.73452,1,Bargain Hunters
686,686,Tanja Norvell,30,46.66666666666666,9597.61404,-706.18216,1,Bargain Hunters
687,687,Dan Reichenbach,40,50.0,16706.8013,1984.3986,3,Frugal Frequent Buyers
688,688,Ralph Arnett,36,38.88888888888889,23043.113,2613.0752,0,High Profit Buyers
689,689,Ben Ferrer,36,38.88888888888889,23219.76044,4135.10114,0,High Profit Buyers
690,690,Shirley Daniels,36,58.33333333333334,17959.4079,3647.2211,3,Frugal Frequent Buyers
691,691,David Bremer,20,45.0,6273.82662,-2270.69658,1,Bargain Hunters
692,692,Michelle Ellison,26,46.15384615384615,10708.13192,655.2183200000001,1,Bargain Hunters
693,693,Anna Häberlin,35,42.857142857142854,18094.05912,2466.01172,3,Frugal Frequent Buyers
694,694,Robert Dilbeck,28,35.714285714285715,16339.7531,3965.8731,2,The Reliable Middle
695,695,Carol Darley,29,48.275862068965516,13228.39046,1880.35726,1,Bargain Hunters
696,696,Chris Selesnick,34,32.35294117647059,14413.7293,2602.5059,2,The Reliable Middle
697,697,Jay Fein,31,45.16129032258064,10819.33,-1874.675,1,Bargain Hunters
698,698,Adrian Shami,24,50.0,11286.0542,1564.4938,1,Bargain Hunters
699,699,Stefania Perrino,34,47.058823529411754,19413.2387,17.041500000000006,3,Frugal Frequent Buyers
700,700,Erin Creighton,25,28.000000000000004,6731.5511,831.7727,2,The Reliable Middle
701,701,Todd Boyes,28,53.57142857142857,9643.275,772.014,1,Bargain Hunters
702,702,Matt Hagelstein,27,51.85185185185184,12217.97978,274.89098,1,Bargain Hunters
703,703,David Flashing,21,52.38095238095239,11542.0359,363.0722,1,Bargain Hunters
704,704,Sonia Sunley,29,37.93103448275862,13121.8064,2370.1265,2,The Reliable Middle
705,705,Roger Demir,37,45.94594594594595,14736.2375,3037.0109,3,Frugal Frequent Buyers
706,706,Lisa DeCherney,31,58.06451612903226,11823.34064,1165.43804,1,Bargain Hunters
707,707,Julie Prescott,40,40.0,14596.1586,3479.0402,0,High Profit Buyers
708,708,Lindsay Castell,30,53.33333333333334,14299.4995,1420.7137,1,Bargain Hunters
709,709,Jenna Caffey,32,34.375,16162.00592,1304.56232,2,The Reliable Middle
710,710,Ivan Liston,32,50.0,12855.50176,1181.07276,1,Bargain Hunters
711,711,Noel Staavos,45,46.66666666666666,16637.524,818.7196,3,Frugal Frequent Buyers
712,712,Tracy Zic,24,54.16666666666666,10858.5418,-80.11550000000005,1,Bargain Hunters
713,713,Anthony Johnson,28,39.28571428571429,12282.657,2478.5824,2,The Reliable Middle
714,714,Gene Hale,23,39.130434782608695,15487.2962,2295.9524,2,The Reliable Middle
715,715,Aleksandra Gannaway,30,46.66666666666666,14717.1862,773.1465999999999,1,Bargain Hunters
716,716,Helen Abelman,28,46.42857142857143,16933.41844,-761.69416,1,Bargain Hunters
717,717,Jason Gross,28,35.714285714285715,13570.6979,2254.6355,2,The Reliable Middle
718,718,Tracy Collins,33,42.42424242424242,11103.0321,382.9971000000001,2,The Reliable Middle
719,719,Allen Rosenblatt,27,48.148148148148145,9527.93078,-552.28182,1,Bargain Hunters
720,720,Neil Knudson,28,46.42857142857143,13878.543,3040.5326999999997,2,The Reliable Middle
721,721,Ashley Jarboe,35,37.14285714285714,15947.948,3006.7032,0,High Profit Buyers
722,722,Ricardo Sperren,31,38.70967741935484,14432.58948,1823.65088,2,The Reliable Middle
723,723,Stewart Carmichael,39,41.02564102564102,16528.32208,318.0876800000001,3,Frugal Frequent Buyers
724,724,Darren Powers,39,51.28205128205128,15976.3724,-517.4512,3,Frugal Frequent Buyers
725,725,Larry Blacks,35,37.14285714285714,14583.98922,1664.49192,2,The Reliable Middle
726,726,Maurice Satty,34,35.294117647058826,10030.09026,1152.74306,2,The Reliable Middle
727,727,Joel Jenkins,34,55.88235294117647,19993.76708,1848.98628,3,Frugal Frequent Buyers
728,728,Kelly Lampkin,32,59.375,14248.4477,738.7484,1,Bargain Hunters
729,729,Ross DeVincentis,36,47.222222222222214,10305.88796,1939.89446,3,Frugal Frequent Buyers
730,730,Deanra Eno,28,32.142857142857146,12800.28,1735.4974,2,The Reliable Middle
731,731,Sam Craven,38,36.84210526315789,11055.804,1116.0096,2,The Reliable Middle
732,732,Dorothy Wardle,41,46.34146341463415,12604.9176,870.557,3,Frugal Frequent Buyers
733,733,Tamara Dahlen,27,62.96296296296296,7704.5655,-948.1228,1,Bargain Hunters
734,734,Bill Donatelli,35,42.857142857142854,15275.317,1622.6797,3,Frugal Frequent Buyers
735,735,Carl Weiss,29,34.48275862068966,14353.9416,3007.3994,2,The Reliable Middle
736,736,Bart Pistole,36,52.777777777777786,10087.5376,984.2587,3,Frugal Frequent Buyers
737,737,Philip Brown,40,45.0,11385.69856,1271.84916,3,Frugal Frequent Buyers
738,738,Allen Goldenen,22,50.0,8926.1216,447.265,1,Bargain Hunters
739,739,Giulietta Baptist,29,48.275862068965516,12570.90438,1633.26568,1,Bargain Hunters
740,740,Michael Oakman,15,40.0,5460.584,286.2586,1,Bargain Hunters
741,741,Harold Pawlan,29,37.93103448275862,8518.1215,880.2212,2,The Reliable Middle
742,742,Christopher Schild,28,32.142857142857146,12514.53436,2080.04256,2,The Reliable Middle
743,743,Ryan Crowe,26,34.61538461538461,9537.8341,2124.0154,2,The Reliable Middle
744,744,Anthony O'Donnell,31,45.16129032258064,15022.8036,1093.0996000000002,3,Frugal Frequent Buyers
745,745,Sharelle Roach,24,41.66666666666667,13002.45694,-2551.18846,1,Bargain Hunters
746,746,Thea Hudgings,31,35.483870967741936,15353.79368,2265.68778,2,The Reliable Middle
747,747,Eudokia Martin,24,41.66666666666667,13723.2597,1764.7839,2,The Reliable Middle
748,748,Bill Overfelt,26,57.692307692307686,8092.4907,415.2197000000001,1,Bargain Hunters
749,749,Dorothy Dickinson,30,40.0,11072.8788,1399.6512,2,The Reliable Middle
750,750,Jack O'Briant,28,32.142857142857146,13345.69,3045.2555,2,The Reliable Middle
751,751,Jamie Kunitz,26,42.30769230769231,12534.6012,2763.7822,2,The Reliable Middle
752,752,Daniel Byrd,33,45.45454545454545,15389.4637,1656.9395000000002,3,Frugal Frequent Buyers
753,753,Duane Noonan,29,41.37931034482759,14914.292,233.5424999999999,2,The Reliable Middle
754,754,Mike Caudle,26,26.923076923076923,9359.053,796.6315,2,The Reliable Middle
755,755,Rob Williams,27,40.74074074074074,9985.9343,2252.2208,2,The Reliable Middle
756,756,Bobby Trafton,29,58.62068965517241,10396.5405,-469.7911,1,Bargain Hunters
757,757,Shaun Weien,29,37.93103448275862,8243.2682,1163.569,2,The Reliable Middle
758,758,Christina VanderZanden,27,44.44444444444444,10325.50918,605.33728,1,Bargain Hunters
759,759,Nick Crebassa,29,55.172413793103445,12305.249,1335.3780000000002,1,Bargain Hunters
760,760,Troy Blackwell,28,35.714285714285715,9190.059,1438.6509,2,The Reliable Middle
761,761,Trudy Schmidt,26,34.61538461538461,9978.3372,1025.6195,2,The Reliable Middle
762,762,Pete Takahito,30,63.33333333333333,13056.813,609.7002,1,Bargain Hunters
763,763,Erica Hackney,29,37.93103448275862,9479.5736,1556.9195,2,The Reliable Middle
764,764,Max Engle,39,28.205128205128204,9923.7616,673.2612,2,The Reliable Middle
765,765,Zuschuss Donatelli,28,46.42857142857143,12430.5704,201.73710000000003,1,Bargain Hunters
766,766,Barry Pond,26,42.30769230769231,10385.32876,2090.96176,2,The Reliable Middle
767,767,Claudia Bergmann,26,34.61538461538461,18255.79284,2167.21744,2,The Reliable Middle
768,768,Dean Katz,37,40.54054054054054,10654.4526,1007.098,3,Frugal Frequent Buyers
769,769,Roy Skaria,28,46.42857142857143,8122.39278,1463.42858,1,Bargain Hunters
770,770,Deborah Brumfield,26,57.692307692307686,12576.5995,1640.2389,1,Bargain Hunters
771,771,Brian DeCherney,36,41.66666666666667,10768.59702,984.42392,3,Frugal Frequent Buyers
772,772,Joni Sundaresam,28,42.857142857142854,6802.106,11.973400000000066,1,Bargain Hunters
773,773,Liz Willingham,23,30.434782608695656,8046.61,1400.0412,2,The Reliable Middle
774,774,Laurel Elliston,28,46.42857142857143,11478.7737,2025.0286,1,Bargain Hunters
775,775,Pierre Wener,31,51.61290322580645,8423.6698,1942.2988,1,Bargain Hunters
776,776,Frank Preis,34,58.82352941176471,10755.6322,937.1935,1,Bargain Hunters
777,777,Shahid Hopkins,37,45.94594594594595,12978.20384,1059.23294,3,Frugal Frequent Buyers
778,778,Jessica Myrick,24,41.66666666666667,7790.23,1358.9265,1,Bargain Hunters
779,779,Tracy Poddar,34,52.941176470588246,13287.1713,1795.66,3,Frugal Frequent Buyers
780,780,Darrin Sayre,32,46.875,13280.8085,1487.6674,3,Frugal Frequent Buyers
781,781,Jesus Ocampo,27,29.629629629629626,8206.673999999999,582.7569,2,The Reliable Middle
782,782,Mike Kennedy,29,34.48275862068966,12740.3848,758.5966,2,The Reliable Middle
783,783,Sung Shariari,25,56.00000000000001,5328.4648,-559.9772,1,Bargain Hunters
784,784,Barry Blumstein,36,47.222222222222214,9886.8207,299.4246,3,Frugal Frequent Buyers
785,785,Jeremy Farry,37,40.54054054054054,10721.91786,1200.10256,3,Frugal Frequent Buyers
786,786,Shirley Schmidt,22,40.90909090909091,7905.151620000001,416.3461199999999,1,Bargain Hunters
787,787,Robert Barroso,25,44.0,6256.1884,640.1234,1,Bargain Hunters
788,788,Roland Murray,26,50.0,7404.18586,1250.33376,1,Bargain Hunters
789,789,Evan Bailliet,28,39.28571428571429,8004.0591,565.6232,2,The Reliable Middle
790,790,Tony Chapman,38,52.63157894736842,12630.28056,1401.12856,3,Frugal Frequent Buyers
791,791,Dan Campbell,37,37.83783783783784,13438.5095,-70.48979999999993,3,Frugal Frequent Buyers
792,792,Nicole Brennan,17,58.82352941176471,5935.0754,-691.4278,1,Bargain Hunters
793,793,Vivian Mathis,22,22.727272727272727,3892.227,656.9143,2,The Reliable Middle
794,794,Thais Sissman,27,40.74074074074074,6785.8894,1109.5608,2,The Reliable Middle
