,Order Date,sales
0,2011-01-01,808.563
1,2011-01-02,314.22
2,2011-01-03,4503.5372
3,2011-01-04,2808.87024
4,2011-01-05,3662.3100000000004
5,2011-01-06,622.5381
6,2011-01-07,7123.0185
7,2011-01-08,6293.26
8,2011-01-09,813.7494
9,2011-01-10,6794.18116
10,2011-01-11,6451.2517
11,2011-01-12,2629.71652
12,2011-01-13,2584.595
13,2011-01-14,6280.4475
14,2011-01-15,2279.5306
15,2011-01-16,149.95
16,2011-01-17,2309.52924
17,2011-01-18,932.763
18,2011-01-19,2054.691
19,2011-01-20,2289.241
20,2011-01-21,8485.3576
21,2011-01-22,3564.1245
22,2011-01-23,2163.43
23,2011-01-24,3984.3813
24,2011-01-25,1191.622
25,2011-01-26,5422.6764
26,2011-01-27,2165.3999
27,2011-01-28,1208.122
28,2011-01-29,909.94
29,2011-01-30,454.887
30,2011-01-31,7642.585
31,2011-02-01,2455.67
32,2011-02-02,7712.6763
33,2011-02-03,366.644
34,2011-02-04,1866.782
35,2011-02-05,221.39600000000002
36,2011-02-06,2.688
37,2011-02-07,1799.1848
38,2011-02-08,1007.8199999999999
39,2011-02-09,4575.80736
40,2011-02-10,11865.386
41,2011-02-11,1007.42736
42,2011-02-12,2870.8
43,2011-02-13,129.568
44,2011-02-14,4603.894
45,2011-02-15,10346.901
46,2011-02-16,9333.6093
47,2011-02-17,630.9812000000001
48,2011-02-18,2301.1240000000003
49,2011-02-19,156.134
50,2011-02-20,0.0
51,2011-02-21,4485.643
52,2011-02-22,2646.1440000000002
53,2011-02-23,4353.976
54,2011-02-24,5868.44554
55,2011-02-25,3393.51712
56,2011-02-26,4106.661
57,2011-02-27,624.96
58,2011-02-28,2418.317
59,2011-03-01,12565.7663
60,2011-03-02,4148.3728
61,2011-03-03,9479.936599999999
62,2011-03-04,1243.0729999999999
63,2011-03-05,834.166
64,2011-03-06,135.08
65,2011-03-07,3863.362
66,2011-03-08,9871.4036
67,2011-03-09,722.766
68,2011-03-10,4109.668
69,2011-03-11,2933.80812
70,2011-03-12,4636.7480000000005
71,2011-03-13,0.0
72,2011-03-14,6627.33
73,2011-03-15,1824.624
74,2011-03-16,1160.882
75,2011-03-17,4614.013
76,2011-03-18,30117.546199999997
77,2011-03-19,971.462
78,2011-03-20,0.0
79,2011-03-21,10681.92214
80,2011-03-22,3879.797
81,2011-03-23,5070.3631
82,2011-03-24,1363.384
83,2011-03-25,3267.17126
84,2011-03-26,856.445
85,2011-03-27,29.814
86,2011-03-28,4261.49644
87,2011-03-29,2950.3782
88,2011-03-30,5760.5126
89,2011-03-31,7748.076
90,2011-04-01,2582.801
91,2011-04-02,8922.054
92,2011-04-03,879.26
93,2011-04-04,5723.19948
94,2011-04-05,10266.5543
95,2011-04-06,4672.516
96,2011-04-07,3439.49
97,2011-04-08,6800.426
98,2011-04-09,367.365
99,2011-04-10,0.0
100,2011-04-11,4548.4736
101,2011-04-12,4013.3250000000003
102,2011-04-13,3053.3892
103,2011-04-14,6250.894
104,2011-04-15,1727.692
105,2011-04-16,4039.898
106,2011-04-17,0.0
107,2011-04-18,5905.0505
108,2011-04-19,2861.8179999999998
109,2011-04-20,4136.99
110,2011-04-21,4701.69
111,2011-04-22,7061.9661
112,2011-04-23,772.14
113,2011-04-24,165.816
114,2011-04-25,5028.6025
115,2011-04-26,2086.2285
116,2011-04-27,8435.277
117,2011-04-28,3908.238
118,2011-04-29,3070.826
119,2011-04-30,1493.784
120,2011-05-01,0.0
121,2011-05-02,9275.207
122,2011-05-03,5259.2939
123,2011-05-04,7512.6567000000005
124,2011-05-05,2998.255
125,2011-05-06,5964.67968
126,2011-05-07,1983.5140000000001
127,2011-05-08,2501.493
128,2011-05-09,5018.48574
129,2011-05-10,5825.5265
130,2011-05-11,2821.097
131,2011-05-12,5518.592
132,2011-05-13,6773.806
133,2011-05-14,4542.15
134,2011-05-15,193.9275
135,2011-05-16,1568.453
136,2011-05-17,3523.569
137,2011-05-18,9233.3544
138,2011-05-19,3039.9052
139,2011-05-20,1291.395
140,2011-05-21,10643.690999999999
141,2011-05-22,225.89
142,2011-05-23,6533.044
143,2011-05-24,10474.0216
144,2011-05-25,3042.062
145,2011-05-26,5963.665
146,2011-05-27,5867.767
147,2011-05-28,2104.2679
148,2011-05-29,0.0
149,2011-05-30,8638.3231
150,2011-05-31,8409.74388
151,2011-06-01,11480.492699999999
152,2011-06-02,12516.5933
153,2011-06-03,11349.365
154,2011-06-04,1924.083
155,2011-06-05,1139.3400000000001
156,2011-06-06,10266.1
157,2011-06-07,16750.66916
158,2011-06-08,9526.7146
159,2011-06-09,10247.062
160,2011-06-10,5473.2366
161,2011-06-11,3161.302
162,2011-06-12,37.464
163,2011-06-13,6576.14576
164,2011-06-14,4947.3435
165,2011-06-15,6110.8755
166,2011-06-16,4009.489
167,2011-06-17,14495.52216
168,2011-06-18,5516.986
169,2011-06-19,57.9
170,2011-06-20,8528.58376
171,2011-06-21,8718.351
172,2011-06-22,19196.0446
173,2011-06-23,3133.561
174,2011-06-24,5390.39244
175,2011-06-25,5901.02814
176,2011-06-26,1269.252
177,2011-06-27,6654.4935000000005
178,2011-06-28,7198.3968
179,2011-06-29,8332.532299999999
180,2011-06-30,5298.0604
181,2011-07-01,3844.656
182,2011-07-02,388.95500000000004
183,2011-07-03,0.0
184,2011-07-04,1982.4309
185,2011-07-05,3723.7455
186,2011-07-06,3773.45656
187,2011-07-07,4855.94512
188,2011-07-08,3385.266
189,2011-07-09,2023.0790000000002
190,2011-07-10,0.0
191,2011-07-11,5228.10488
192,2011-07-12,5227.161
193,2011-07-13,1940.142
194,2011-07-14,3035.146
195,2011-07-15,933.7476
196,2011-07-16,3626.502
197,2011-07-17,355.0
198,2011-07-18,5443.5756
199,2011-07-19,4766.4048
200,2011-07-20,7975.5875
201,2011-07-21,6100.88292
202,2011-07-22,3074.46
203,2011-07-23,3859.0052
204,2011-07-24,101.48
205,2011-07-25,12335.771999999999
206,2011-07-26,7916.3664
207,2011-07-27,9804.38074
208,2011-07-28,3210.4893
209,2011-07-29,1917.4847
210,2011-07-30,4205.2388
211,2011-07-31,475.9536
212,2011-08-01,6769.1215
213,2011-08-02,5344.5064999999995
214,2011-08-03,10667.9764
215,2011-08-04,13623.4015
216,2011-08-05,5711.4464
217,2011-08-06,1072.596
218,2011-08-07,37.86
219,2011-08-08,8099.047
220,2011-08-09,13284.498
221,2011-08-10,13151.891
222,2011-08-11,7410.921
223,2011-08-12,8969.5969
224,2011-08-13,2603.052
225,2011-08-14,0.0
226,2011-08-15,6933.398
227,2011-08-16,13436.1683
228,2011-08-17,6625.604
229,2011-08-18,9052.81576
230,2011-08-19,10154.613000000001
231,2011-08-20,3032.602
232,2011-08-21,2995.5723
233,2011-08-22,5180.47692
234,2011-08-23,3310.35
235,2011-08-24,5164.88392
236,2011-08-25,9633.2171
237,2011-08-26,8122.276199999999
238,2011-08-27,5397.358
239,2011-08-28,0.0
240,2011-08-29,7613.06082
241,2011-08-30,8905.7286
242,2011-08-31,5277.4521
243,2011-09-01,7250.914
244,2011-09-02,14364.1468
245,2011-09-03,813.54
246,2011-09-04,0.0
247,2011-09-05,4149.8752
248,2011-09-06,10296.67936
249,2011-09-07,6333.653
250,2011-09-08,36827.74592
251,2011-09-09,11577.035679999999
252,2011-09-10,3268.4308
253,2011-09-11,1367.97
254,2011-09-12,14077.43268
255,2011-09-13,6391.793
256,2011-09-14,17720.99818
257,2011-09-15,10736.1766
258,2011-09-16,5407.0809
259,2011-09-17,2466.335
260,2011-09-18,750.24
261,2011-09-19,16203.33736
262,2011-09-20,13651.3334
263,2011-09-21,9810.8032
264,2011-09-22,9066.5295
265,2011-09-23,23866.899
266,2011-09-24,4393.344
267,2011-09-25,6371.5808
268,2011-09-26,8477.011340000001
269,2011-09-27,15354.15488
270,2011-09-28,11437.54184
271,2011-09-29,11746.710000000001
272,2011-09-30,6035.1629
273,2011-10-01,1624.20712
274,2011-10-02,598.144
275,2011-10-03,8662.521279999999
276,2011-10-04,8180.71572
277,2011-10-05,2596.1845000000003
278,2011-10-06,17181.1931
279,2011-10-07,11291.24992
280,2011-10-08,3840.9008000000003
281,2011-10-09,249.35999999999999
282,2011-10-10,7857.7148
283,2011-10-11,2025.2894999999999
284,2011-10-12,4656.312
285,2011-10-13,9798.95798
286,2011-10-14,14453.231099999999
287,2011-10-15,8231.75672
288,2011-10-16,1364.09648
289,2011-10-17,5983.01866
290,2011-10-18,8290.87736
291,2011-10-19,8883.0806
292,2011-10-20,7524.2985
293,2011-10-21,7271.4774
294,2011-10-22,4953.816
295,2011-10-23,0.0
296,2011-10-24,4550.677
297,2011-10-25,4802.985
298,2011-10-26,8069.4229
299,2011-10-27,17289.6859
300,2011-10-28,5778.5817
301,2011-10-29,5022.808
302,2011-10-30,133.26
303,2011-10-31,7905.44
304,2011-11-01,18667.51056
305,2011-11-02,8691.009
306,2011-11-03,19275.0876
307,2011-11-04,18652.758
308,2011-11-05,10385.6998
309,2011-11-06,1555.6215
310,2011-11-07,13232.5699
311,2011-11-08,4292.2318
312,2011-11-09,12155.4545
313,2011-11-10,10174.021999999999
314,2011-11-11,24402.39878
315,2011-11-12,4232.5592
316,2011-11-13,345.76
317,2011-11-14,12537.5958
318,2011-11-15,10494.6696
319,2011-11-16,8008.8932
320,2011-11-17,14062.8082
321,2011-11-18,13514.9344
322,2011-11-19,9876.244
323,2011-11-20,975.0000000000001
324,2011-11-21,5411.8640000000005
325,2011-11-22,9528.56168
326,2011-11-23,8510.63296
327,2011-11-24,10785.4121
328,2011-11-25,18118.762319999998
329,2011-11-26,6403.18
330,2011-11-27,302.75
331,2011-11-28,9289.64072
332,2011-11-29,8444.3224
333,2011-11-30,6168.5835
334,2011-12-01,14118.3252
335,2011-12-02,7294.181
336,2011-12-03,9013.2148
337,2011-12-04,615.1999999999999
338,2011-12-05,10388.71264
339,2011-12-06,12460.3335
340,2011-12-07,10246.562
341,2011-12-08,13338.557499999999
342,2011-12-09,14316.2024
343,2011-12-10,5847.5503
344,2011-12-11,796.63504
345,2011-12-12,10224.353579999999
346,2011-12-13,14356.21064
347,2011-12-14,14350.1541
348,2011-12-15,15078.048
349,2011-12-16,14190.5144
350,2011-12-17,13732.1394
351,2011-12-18,0.0
352,2011-12-19,10801.10436
353,2011-12-20,21881.9314
354,2011-12-21,13003.04024
355,2011-12-22,12810.8913
356,2011-12-23,10609.91348
357,2011-12-24,9788.526
358,2011-12-25,539.2235000000001
359,2011-12-26,14832.9215
360,2011-12-27,15140.1727
361,2011-12-28,18801.06272
362,2011-12-29,10904.2029
363,2011-12-30,6705.187
364,2011-12-31,7740.6630000000005
365,2012-01-01,0.0
366,2012-01-02,10006.6647
367,2012-01-03,3453.3043
368,2012-01-04,2617.8439
369,2012-01-05,5662.225
370,2012-01-06,544.514
371,2012-01-07,3699.814
372,2012-01-08,2176.4519999999998
373,2012-01-09,3598.2799999999997
374,2012-01-10,6298.249
375,2012-01-11,8259.467999999999
376,2012-01-12,8385.098
377,2012-01-13,7106.17
378,2012-01-14,2041.0230000000001
379,2012-01-15,0.0
380,2012-01-16,8370.402
381,2012-01-17,6562.9130000000005
382,2012-01-18,4541.032
383,2012-01-19,3370.9544
384,2012-01-20,3578.8797
385,2012-01-21,1382.57
386,2012-01-22,1493.13
387,2012-01-23,9669.3469
388,2012-01-24,3226.72
389,2012-01-25,3514.215
390,2012-01-26,3413.5885
391,2012-01-27,9422.532
392,2012-01-28,7629.48984
393,2012-01-29,876.66
394,2012-01-30,3633.518
395,2012-01-31,1245.663
396,2012-02-01,1655.2549
397,2012-02-02,11630.772
398,2012-02-03,957.816
399,2012-02-04,4976.20924
400,2012-02-05,396.84
401,2012-02-06,8730.321
402,2012-02-07,4020.95
403,2012-02-08,2318.80634
404,2012-02-09,4527.562
405,2012-02-10,3683.7683
406,2012-02-11,203.928
407,2012-02-12,156.54
408,2012-02-13,4968.7556
409,2012-02-14,4814.3652
410,2012-02-15,5439.31
411,2012-02-16,1259.6346
412,2012-02-17,1518.394
413,2012-02-18,5537.5228
414,2012-02-19,175.8
415,2012-02-20,2677.594
416,2012-02-21,4677.513
417,2012-02-22,2871.958
418,2012-02-23,4379.1314999999995
419,2012-02-24,3960.5175
420,2012-02-25,3307.15
421,2012-02-26,0.0
422,2012-02-27,7574.4800000000005
423,2012-02-28,3048.877
424,2012-02-29,1040.446
425,2012-03-01,3912.28452
426,2012-03-02,10722.619999999999
427,2012-03-03,625.0500000000001
428,2012-03-04,0.0
429,2012-03-05,8252.424
430,2012-03-06,5920.861
431,2012-03-07,8466.048999999999
432,2012-03-08,4857.2925
433,2012-03-09,3455.53676
434,2012-03-10,1169.653
435,2012-03-11,381.84
436,2012-03-12,4087.2451
437,2012-03-13,4668.912499999999
438,2012-03-14,5567.204900000001
439,2012-03-15,7147.5432
440,2012-03-16,13257.4236
441,2012-03-17,538.503
442,2012-03-18,0.0
443,2012-03-19,11459.7256
444,2012-03-20,17842.2938
445,2012-03-21,4297.802
446,2012-03-22,5868.942
447,2012-03-23,3936.5048
448,2012-03-24,1816.809
449,2012-03-25,0.0
450,2012-03-26,8993.664999999999
451,2012-03-27,7167.215
452,2012-03-28,4451.0828
453,2012-03-29,7350.868
454,2012-03-30,3309.65608
455,2012-03-31,3551.764
456,2012-04-01,510.8958
457,2012-04-02,4606.772
458,2012-04-03,2207.699
459,2012-04-04,2904.12448
460,2012-04-05,9765.98048
461,2012-04-06,7148.48124
462,2012-04-07,6394.754
463,2012-04-08,0.0
464,2012-04-09,3254.542
465,2012-04-10,3481.707
466,2012-04-11,5853.7588
467,2012-04-12,3760.98448
468,2012-04-13,10056.3505
469,2012-04-14,9265.29444
470,2012-04-15,493.05600000000004
471,2012-04-16,14554.1235
472,2012-04-17,5026.78624
473,2012-04-18,8079.10186
474,2012-04-19,7687.61226
475,2012-04-20,6559.79606
476,2012-04-21,1608.866
477,2012-04-22,6675.2339999999995
478,2012-04-23,2668.28288
479,2012-04-24,3334.9658
480,2012-04-25,9519.889
481,2012-04-26,5788.4155
482,2012-04-27,6079.78824
483,2012-04-28,7614.46296
484,2012-04-29,427.688
485,2012-04-30,5722.857
486,2012-05-01,3648.9454
487,2012-05-02,2318.871
488,2012-05-03,5683.18706
489,2012-05-04,10824.71712
490,2012-05-05,1394.5904
491,2012-05-06,1149.10868
492,2012-05-07,11200.05968
493,2012-05-08,10824.805
494,2012-05-09,6777.641
495,2012-05-10,8658.9026
496,2012-05-11,10523.35952
497,2012-05-12,3610.6620000000003
498,2012-05-13,312.45399999999995
499,2012-05-14,6948.14426
500,2012-05-15,10569.8106
501,2012-05-16,8159.34952
502,2012-05-17,8386.745
503,2012-05-18,5269.476
504,2012-05-19,855.705
505,2012-05-20,169.54399999999998
506,2012-05-21,6140.5833
507,2012-05-22,9831.9655
508,2012-05-23,8572.9015
509,2012-05-24,9347.2105
510,2012-05-25,12591.215
511,2012-05-26,2945.4518
512,2012-05-27,11.448
513,2012-05-28,9209.7715
514,2012-05-29,9657.818
515,2012-05-30,5710.8698
516,2012-05-31,17059.5785
517,2012-06-01,9042.4255
518,2012-06-02,6164.8454
519,2012-06-03,178.146
520,2012-06-04,7132.72206
521,2012-06-05,11513.6761
522,2012-06-06,8813.03
523,2012-06-07,7109.7135
524,2012-06-08,9397.2354
525,2012-06-09,3934.5448
526,2012-06-10,3240.8355
527,2012-06-11,13400.62562
528,2012-06-12,11955.748
529,2012-06-13,9580.44396
530,2012-06-14,6869.472
531,2012-06-15,6557.09416
532,2012-06-16,13218.0525
533,2012-06-17,1087.416
534,2012-06-18,14119.3497
535,2012-06-19,15135.0835
536,2012-06-20,13716.881
537,2012-06-21,11013.102200000001
538,2012-06-22,11806.3416
539,2012-06-23,5459.08
540,2012-06-24,331.57
541,2012-06-25,15915.4079
542,2012-06-26,9251.33102
543,2012-06-27,9843.5155
544,2012-06-28,4771.254
545,2012-06-29,12080.7765
546,2012-06-30,3535.9790000000003
547,2012-07-01,2542.08
548,2012-07-02,4707.2877
549,2012-07-03,6684.9445
550,2012-07-04,9367.307
551,2012-07-05,3103.06054
552,2012-07-06,8492.15192
553,2012-07-07,4382.91
554,2012-07-08,33.984
555,2012-07-09,5109.27364
556,2012-07-10,2585.2245
557,2012-07-11,9034.24296
558,2012-07-12,5471.2080000000005
559,2012-07-13,8228.9015
560,2012-07-14,3906.4185
561,2012-07-15,26.892
562,2012-07-16,7015.9315
563,2012-07-17,4968.6812
564,2012-07-18,6272.59914
565,2012-07-19,1634.973
566,2012-07-20,7687.442
567,2012-07-21,1752.60416
568,2012-07-22,0.0
569,2012-07-23,8516.752
570,2012-07-24,5628.17846
571,2012-07-25,6362.431
572,2012-07-26,4225.54664
573,2012-07-27,4140.5077599999995
574,2012-07-28,1348.761
575,2012-07-29,42.82
576,2012-07-30,5247.402
577,2012-07-31,6716.2685
578,2012-08-01,12391.7964
579,2012-08-02,17671.6471
580,2012-08-03,20849.176620000002
581,2012-08-04,1388.094
582,2012-08-05,2078.9689999999996
583,2012-08-06,7336.64898
584,2012-08-07,9290.4067
585,2012-08-08,8976.3498
586,2012-08-09,12666.19216
587,2012-08-10,15656.0786
588,2012-08-11,1506.948
589,2012-08-12,691.905
590,2012-08-13,5722.6392000000005
591,2012-08-14,14003.467999999999
592,2012-08-15,6844.232
593,2012-08-16,16138.6797
594,2012-08-17,9297.289
595,2012-08-18,6422.0311
596,2012-08-19,33.96
597,2012-08-20,17934.2388
598,2012-08-21,6849.497
599,2012-08-22,9683.2125
600,2012-08-23,10801.219000000001
601,2012-08-24,19841.9538
602,2012-08-25,2598.4365199999997
603,2012-08-26,2258.204
604,2012-08-27,10458.086
605,2012-08-28,16827.2455
606,2012-08-29,15279.03
607,2012-08-30,7040.725
608,2012-08-31,14604.5829
609,2012-09-01,5592.234
610,2012-09-02,2085.825
611,2012-09-03,11086.86004
612,2012-09-04,10733.8545
613,2012-09-05,9362.82758
614,2012-09-06,15371.87288
615,2012-09-07,13642.547
616,2012-09-08,2771.991
617,2012-09-09,3305.814
618,2012-09-10,15473.2303
619,2012-09-11,7064.7848
620,2012-09-12,6633.672
621,2012-09-13,13354.7745
622,2012-09-14,15244.3752
623,2012-09-15,9837.13896
624,2012-09-16,1262.479
625,2012-09-17,16867.1433
626,2012-09-18,17579.18578
627,2012-09-19,5124.1720000000005
628,2012-09-20,17701.159
629,2012-09-21,14294.02724
630,2012-09-22,5308.2784
631,2012-09-23,414.0
632,2012-09-24,15315.2837
633,2012-09-25,9277.6129
634,2012-09-26,10443.35316
635,2012-09-27,11331.2322
636,2012-09-28,14806.4319
637,2012-09-29,7434.0533
638,2012-09-30,668.952
639,2012-10-01,14903.2949
640,2012-10-02,6724.599200000001
641,2012-10-03,9909.529
642,2012-10-04,8740.8626
643,2012-10-05,16411.95278
644,2012-10-06,4668.3783
645,2012-10-07,96.0
646,2012-10-08,5035.7308
647,2012-10-09,8865.54108
648,2012-10-10,9466.34074
649,2012-10-11,11847.6165
650,2012-10-12,10974.386
651,2012-10-13,6026.056
652,2012-10-14,98.44
653,2012-10-15,15018.71396
654,2012-10-16,4260.59174
655,2012-10-17,14582.22988
656,2012-10-18,5181.936
657,2012-10-19,11176.505000000001
658,2012-10-20,4861.925
659,2012-10-21,154.77
660,2012-10-22,6701.6292
661,2012-10-23,8751.5916
662,2012-10-24,11084.47944
663,2012-10-25,17693.51938
664,2012-10-26,5812.545
665,2012-10-27,7347.9572
666,2012-10-28,272.54
667,2012-10-29,6812.0098
668,2012-10-30,12020.5466
669,2012-10-31,7437.6325
670,2012-11-01,11949.44772
671,2012-11-02,18487.45014
672,2012-11-03,5840.65864
673,2012-11-04,820.52
674,2012-11-05,12281.2284
675,2012-11-06,5124.82818
676,2012-11-07,10643.96774
677,2012-11-08,28561.16
678,2012-11-09,12353.3231
679,2012-11-10,15566.35992
680,2012-11-11,1546.368
681,2012-11-12,11421.689
682,2012-11-13,25621.95062
683,2012-11-14,10203.80838
684,2012-11-15,15137.6561
685,2012-11-16,16249.1847
686,2012-11-17,6542.9490000000005
687,2012-11-18,178.2
688,2012-11-19,7551.5076
689,2012-11-20,16073.9935
690,2012-11-21,12834.0034
691,2012-11-22,7020.19
692,2012-11-23,13101.7573
693,2012-11-24,7935.704
694,2012-11-25,385.684
695,2012-11-26,6162.062
696,2012-11-27,10679.3206
697,2012-11-28,13772.07346
698,2012-11-29,10128.2258
699,2012-11-30,9337.1456
700,2012-12-01,15573.4269
701,2012-12-02,282.348
702,2012-12-03,22906.4414
703,2012-12-04,16801.13678
704,2012-12-05,6986.34436
705,2012-12-06,11697.425
706,2012-12-07,11723.7461
707,2012-12-08,4077.124
708,2012-12-09,2455.9500000000003
709,2012-12-10,8745.13128
710,2012-12-11,12184.6973
711,2012-12-12,7409.1392
712,2012-12-13,16506.5184
713,2012-12-14,5520.3778
714,2012-12-15,11397.998
715,2012-12-16,2137.68
716,2012-12-17,13440.209
717,2012-12-18,7509.477
718,2012-12-19,22433.19732
719,2012-12-20,20077.66394
720,2012-12-21,10490.67876
721,2012-12-22,5545.725
722,2012-12-23,606.02
723,2012-12-24,15731.13084
724,2012-12-25,21570.6031
725,2012-12-26,16941.769519999998
726,2012-12-27,15327.6531
727,2012-12-28,14815.168300000001
728,2012-12-29,1870.5077999999999
729,2012-12-30,4823.094
730,2012-12-31,10668.5844
731,2013-01-01,9369.153
732,2013-01-02,11613.8956
733,2013-01-03,5790.969
734,2013-01-04,16266.57344
735,2013-01-05,5795.9995
736,2013-01-06,98.96
737,2013-01-07,12466.376
738,2013-01-08,6649.573
739,2013-01-09,4550.418
740,2013-01-10,7617.9429
741,2013-01-11,4942.5665
742,2013-01-12,7543.6876
743,2013-01-13,46.116
744,2013-01-14,2583.10538
745,2013-01-15,7600.389999999999
746,2013-01-16,4987.9172
747,2013-01-17,3968.6696
748,2013-01-18,7588.74316
749,2013-01-19,5773.737999999999
750,2013-01-20,2252.55
751,2013-01-21,11124.019
752,2013-01-22,6085.718
753,2013-01-23,5145.696
754,2013-01-24,2210.3428
755,2013-01-25,8421.979000000001
756,2013-01-26,1176.5256
757,2013-01-27,1290.42
758,2013-01-28,12537.8485
759,2013-01-29,9020.703
760,2013-01-30,6866.5544
761,2013-01-31,7798.7572
762,2013-02-01,3303.96156
763,2013-02-02,11259.022640000001
764,2013-02-03,1204.71
765,2013-02-04,1414.609
766,2013-02-05,18217.84608
767,2013-02-06,8925.3719
768,2013-02-07,8287.905
769,2013-02-08,9333.5721
770,2013-02-09,5124.833
771,2013-02-10,997.719
772,2013-02-11,8821.35362
773,2013-02-12,6532.916
774,2013-02-13,3511.6101999999996
775,2013-02-14,5786.87468
776,2013-02-15,3596.835
777,2013-02-16,3844.527
778,2013-02-17,0.0
779,2013-02-18,12446.434
780,2013-02-19,7327.4245
781,2013-02-20,4248.398
782,2013-02-21,4173.247
783,2013-02-22,8363.59
784,2013-02-23,1928.082
785,2013-02-24,0.0
786,2013-02-25,5845.52872
787,2013-02-26,5315.825
788,2013-02-27,15505.161399999999
789,2013-02-28,1922.293
790,2013-03-01,6597.06804
791,2013-03-02,7286.518
792,2013-03-03,444.8958
793,2013-03-04,15417.512
794,2013-03-05,8917.34268
795,2013-03-06,6954.35032
796,2013-03-07,3656.2318999999998
797,2013-03-08,9786.367
798,2013-03-09,2424.0645600000003
799,2013-03-10,635.6
800,2013-03-11,18502.21736
801,2013-03-12,5184.498
802,2013-03-13,11326.8795
803,2013-03-14,11487.989
804,2013-03-15,6026.35208
805,2013-03-16,3828.16
806,2013-03-17,35.34
807,2013-03-18,7049.69856
808,2013-03-19,8508.0787
809,2013-03-20,8830.2609
810,2013-03-21,4664.94124
811,2013-03-22,2700.9166999999998
812,2013-03-23,9343.8875
813,2013-03-24,193.24
814,2013-03-25,6929.8997
815,2013-03-26,3764.6951
816,2013-03-27,8676.10938
817,2013-03-28,3555.3726
818,2013-03-29,10828.672
819,2013-03-30,4669.2935
820,2013-03-31,367.578
821,2013-04-01,5679.585
822,2013-04-02,10219.9645
823,2013-04-03,5294.4016
824,2013-04-04,3970.899
825,2013-04-05,8882.754500000001
826,2013-04-06,3030.1485
827,2013-04-07,2496.13
828,2013-04-08,7426.4559
829,2013-04-09,10098.59432
830,2013-04-10,6461.4648
831,2013-04-11,3486.196
832,2013-04-12,8453.2346
833,2013-04-13,3538.985
834,2013-04-14,1176.06
835,2013-04-15,6550.78132
836,2013-04-16,7757.19348
837,2013-04-17,13408.671
838,2013-04-18,7217.33408
839,2013-04-19,5935.0134
840,2013-04-20,5387.88944
841,2013-04-21,0.0
842,2013-04-22,2692.2856
843,2013-04-23,8133.4850400000005
844,2013-04-24,3658.22
845,2013-04-25,9208.55802
846,2013-04-26,10916.00614
847,2013-04-27,2222.706
848,2013-04-28,0.0
849,2013-04-29,3897.4987
850,2013-04-30,10620.8009
851,2013-05-01,11486.8388
852,2013-05-02,1993.9131
853,2013-05-03,10906.3059
854,2013-05-04,7506.0037
855,2013-05-05,1605.4199999999998
856,2013-05-06,6345.916200000001
857,2013-05-07,9004.9013
858,2013-05-08,11563.1095
859,2013-05-09,6235.9187
860,2013-05-10,8156.05
861,2013-05-11,6436.862
862,2013-05-12,436.834
863,2013-05-13,3520.26
864,2013-05-14,10354.08486
865,2013-05-15,8747.5656
866,2013-05-16,14928.2762
867,2013-05-17,8981.65684
868,2013-05-18,2135.17784
869,2013-05-19,832.8
870,2013-05-20,4217.01962
871,2013-05-21,10407.966
872,2013-05-22,9609.7165
873,2013-05-23,4886.85586
874,2013-05-24,22700.50344
875,2013-05-25,3839.1047
876,2013-05-26,1364.89
877,2013-05-27,11794.5539
878,2013-05-28,17001.1588
879,2013-05-29,14578.93724
880,2013-05-30,12983.5511
881,2013-05-31,15936.413
882,2013-06-01,8286.255
883,2013-06-02,1710.822
884,2013-06-03,11974.78
885,2013-06-04,18446.54674
886,2013-06-05,19053.6998
887,2013-06-06,10820.2138
888,2013-06-07,20571.80336
889,2013-06-08,8766.2973
890,2013-06-09,449.67
891,2013-06-10,21924.19572
892,2013-06-11,23931.94808
893,2013-06-12,15274.13606
894,2013-06-13,18579.1949
895,2013-06-14,17450.4206
896,2013-06-15,13960.01572
897,2013-06-16,1241.248
898,2013-06-17,20476.8394
899,2013-06-18,20791.1896
900,2013-06-19,10296.5126
901,2013-06-20,10392.9283
902,2013-06-21,11388.29308
903,2013-06-22,3666.708
904,2013-06-23,2961.438
905,2013-06-24,24123.81282
906,2013-06-25,22756.9316
907,2013-06-26,12466.334
908,2013-06-27,17975.07866
909,2013-06-28,16550.22176
910,2013-06-29,5627.047
911,2013-06-30,4605.03
912,2013-07-01,9508.07888
913,2013-07-02,10953.62664
914,2013-07-03,9431.70904
915,2013-07-04,6050.2232
916,2013-07-05,5129.5397
917,2013-07-06,5712.55404
918,2013-07-07,51.52
919,2013-07-08,16834.878
920,2013-07-09,5904.4355
921,2013-07-10,10176.856
922,2013-07-11,11002.6448
923,2013-07-12,10501.20672
924,2013-07-13,2029.715
925,2013-07-14,2441.02352
926,2013-07-15,10978.83828
927,2013-07-16,10726.3773
928,2013-07-17,5669.85686
929,2013-07-18,4888.334
930,2013-07-19,7928.4999
931,2013-07-20,7852.508
932,2013-07-21,89.95
933,2013-07-22,14716.4437
934,2013-07-23,8701.27792
935,2013-07-24,4495.121
936,2013-07-25,15506.9149
937,2013-07-26,11296.7505
938,2013-07-27,977.52
939,2013-07-28,716.7330000000001
940,2013-07-29,7271.4761
941,2013-07-30,5760.467
942,2013-07-31,6623.8724999999995
943,2013-08-01,15739.88888
944,2013-08-02,9884.04422
945,2013-08-03,4220.29
946,2013-08-04,3406.9704
947,2013-08-05,6754.5477
948,2013-08-06,12377.637
949,2013-08-07,12677.57344
950,2013-08-08,6508.44688
951,2013-08-09,9095.2398
952,2013-08-10,4810.348
953,2013-08-11,943.506
954,2013-08-12,18109.254960000002
955,2013-08-13,15315.0775
956,2013-08-14,9339.94
957,2013-08-15,18846.98
958,2013-08-16,19199.20472
959,2013-08-17,3204.735
960,2013-08-18,24.072
961,2013-08-19,13954.55488
962,2013-08-20,11053.137999999999
963,2013-08-21,14644.5053
964,2013-08-22,20914.6812
965,2013-08-23,10338.4369
966,2013-08-24,15632.6933
967,2013-08-25,375.456
968,2013-08-26,9247.405
969,2013-08-27,21351.4685
970,2013-08-28,11947.6502
971,2013-08-29,9017.61244
972,2013-08-30,8131.03264
973,2013-08-31,9422.3985
974,2013-09-01,365.308
975,2013-09-02,12374.2472
976,2013-09-03,22431.6059
977,2013-09-04,14181.08688
978,2013-09-05,17986.4125
979,2013-09-06,14405.467
980,2013-09-07,2432.237
981,2013-09-08,1058.2104
982,2013-09-09,15472.0449
983,2013-09-10,16155.07586
984,2013-09-11,12800.8402
985,2013-09-12,17038.4505
986,2013-09-13,12952.54494
987,2013-09-14,20747.764
988,2013-09-15,1840.928
989,2013-09-16,20816.3305
990,2013-09-17,16186.4583
991,2013-09-18,6126.71094
992,2013-09-19,21465.1807
993,2013-09-20,23853.26708
994,2013-09-21,14390.61452
995,2013-09-22,164.61
996,2013-09-23,4632.708
997,2013-09-24,14077.28
998,2013-09-25,18285.9016
999,2013-09-26,17363.49584
1000,2013-09-27,11984.1713
1001,2013-09-28,7035.8718
1002,2013-09-29,997.918
1003,2013-09-30,16996.50382
1004,2013-10-01,7366.253
1005,2013-10-02,11091.91576
1006,2013-10-03,26325.29798
1007,2013-10-04,12945.0904
1008,2013-10-05,10810.0834
1009,2013-10-06,72.9204
1010,2013-10-07,7622.66046
1011,2013-10-08,9901.5372
1012,2013-10-09,14508.5563
1013,2013-10-10,5394.942
1014,2013-10-11,11738.0949
1015,2013-10-12,4575.07016
1016,2013-10-13,1156.0
1017,2013-10-14,9136.939
1018,2013-10-15,17727.9413
1019,2013-10-16,14027.94622
1020,2013-10-17,14107.5114
1021,2013-10-18,12939.4413
1022,2013-10-19,962.568
1023,2013-10-20,412.188
1024,2013-10-21,10370.9516
1025,2013-10-22,14937.47492
1026,2013-10-23,15583.325
1027,2013-10-24,3728.86576
1028,2013-10-25,7382.3006
1029,2013-10-26,2369.88172
1030,2013-10-27,1590.264
1031,2013-10-28,8588.956
1032,2013-10-29,12815.10846
1033,2013-10-30,13942.4152
1034,2013-10-31,9274.14244
1035,2013-11-01,20912.12782
1036,2013-11-02,3214.961
1037,2013-11-03,0.0
1038,2013-11-04,13808.27114
1039,2013-11-05,15754.074
1040,2013-11-06,16328.2569
1041,2013-11-07,8291.3617
1042,2013-11-08,13703.4378
1043,2013-11-09,10233.15192
1044,2013-11-10,479.97
1045,2013-11-11,19648.5191
1046,2013-11-12,8931.8481
1047,2013-11-13,19744.77918
1048,2013-11-14,10062.8955
1049,2013-11-15,20263.876500000002
1050,2013-11-16,7730.995
1051,2013-11-17,3740.296
1052,2013-11-18,12479.1843
1053,2013-11-19,24523.33794
1054,2013-11-20,5286.2659
1055,2013-11-21,9791.073
1056,2013-11-22,15233.32182
1057,2013-11-23,6812.498
1058,2013-11-24,3372.64564
1059,2013-11-25,16204.89612
1060,2013-11-26,20902.2293
1061,2013-11-27,14318.573
1062,2013-11-28,29925.34976
1063,2013-11-29,15182.30256
1064,2013-11-30,7108.8611
1065,2013-12-01,1364.885
1066,2013-12-02,15644.011
1067,2013-12-03,19735.465
1068,2013-12-04,17446.07442
1069,2013-12-05,6781.7519999999995
1070,2013-12-06,20781.3036
1071,2013-12-07,7412.277
1072,2013-12-08,383.68
1073,2013-12-09,12882.0841
1074,2013-12-10,16257.4905
1075,2013-12-11,18101.0833
1076,2013-12-12,18001.20684
1077,2013-12-13,9430.0595
1078,2013-12-14,4576.245919999999
1079,2013-12-15,1385.358
1080,2013-12-16,23018.6528
1081,2013-12-17,13433.86052
1082,2013-12-18,33934.3826
1083,2013-12-19,15151.203
1084,2013-12-20,22227.35348
1085,2013-12-21,3501.239
1086,2013-12-22,2333.2400000000002
1087,2013-12-23,15337.1411
1088,2013-12-24,15831.4899
1089,2013-12-25,11340.688
1090,2013-12-26,36435.14374
1091,2013-12-27,10278.3105
1092,2013-12-28,3553.0363
1093,2013-12-29,426.56
1094,2013-12-30,14292.38
1095,2013-12-31,14176.7209
1096,2014-01-01,3614.0345
1097,2014-01-02,4169.51614
1098,2014-01-03,11327.622
1099,2014-01-04,4705.2737
1100,2014-01-05,426.65999999999997
1101,2014-01-06,10840.6525
1102,2014-01-07,6201.1715
1103,2014-01-08,13412.551
1104,2014-01-09,9742.349
1105,2014-01-10,4202.1201
1106,2014-01-11,4428.555
1107,2014-01-12,74.376
1108,2014-01-13,5358.283
1109,2014-01-14,17297.8
1110,2014-01-15,6001.5883
1111,2014-01-16,11339.18734
1112,2014-01-17,14419.377
1113,2014-01-18,9690.958999999999
1114,2014-01-19,194.04
1115,2014-01-20,11621.8767
1116,2014-01-21,8760.21228
1117,2014-01-22,12946.0991
1118,2014-01-23,6711.383
1119,2014-01-24,9327.464
1120,2014-01-25,7099.291
1121,2014-01-26,2073.1634999999997
1122,2014-01-27,5229.7944
1123,2014-01-28,8557.4038
1124,2014-01-29,11461.767
1125,2014-01-30,7594.134
1126,2014-01-31,12439.8508
1127,2014-02-01,866.496
1128,2014-02-02,0.0
1129,2014-02-03,4501.0905
1130,2014-02-04,8190.8021
1131,2014-02-05,6322.965
1132,2014-02-06,7087.8438
1133,2014-02-07,11013.111
1134,2014-02-08,2330.52
1135,2014-02-09,127.89
1136,2014-02-10,11901.2469
1137,2014-02-11,12390.489000000001
1138,2014-02-12,11209.1396
1139,2014-02-13,9613.0997
1140,2014-02-14,11483.1528
1141,2014-02-15,2606.401
1142,2014-02-16,412.38
1143,2014-02-17,10506.711
1144,2014-02-18,9960.8885
1145,2014-02-19,6749.0554
1146,2014-02-20,6909.839
1147,2014-02-21,8022.3259
1148,2014-02-22,2684.94
1149,2014-02-23,753.711
1150,2014-02-24,8064.3712
1151,2014-02-25,6739.635
1152,2014-02-26,4574.0988
1153,2014-02-27,10045.579
1154,2014-02-28,9769.57336
1155,2014-03-01,2913.3226799999998
1156,2014-03-02,613.053
1157,2014-03-03,4703.6428
1158,2014-03-04,11929.4062
1159,2014-03-05,6783.227
1160,2014-03-06,7211.671
1161,2014-03-07,4784.565
1162,2014-03-08,3177.406
1163,2014-03-09,882.46
1164,2014-03-10,5362.4368
1165,2014-03-11,12587.338
1166,2014-03-12,9031.6962
1167,2014-03-13,6264.615
1168,2014-03-14,14090.9675
1169,2014-03-15,9022.7951
1170,2014-03-16,68.824
1171,2014-03-17,20497.38044
1172,2014-03-18,11182.05488
1173,2014-03-19,12634.701000000001
1174,2014-03-20,9521.114
1175,2014-03-21,9052.518
1176,2014-03-22,8990.949
1177,2014-03-23,240.45
1178,2014-03-24,23864.244499999997
1179,2014-03-25,8008.5238
1180,2014-03-26,17628.17776
1181,2014-03-27,15203.49464
1182,2014-03-28,10960.88032
1183,2014-03-29,1731.742
1184,2014-03-30,251.86
1185,2014-03-31,13905.256
1186,2014-04-01,12109.7813
1187,2014-04-02,14932.880220000001
1188,2014-04-03,9184.2577
1189,2014-04-04,2807.2174
1190,2014-04-05,1767.8156
1191,2014-04-06,1151.547
1192,2014-04-07,11079.1493
1193,2014-04-08,7562.3715
1194,2014-04-09,16025.2166
1195,2014-04-10,8510.58544
1196,2014-04-11,8917.33408
1197,2014-04-12,5151.339
1198,2014-04-13,1890.072
1199,2014-04-14,12465.567
1200,2014-04-15,11623.83186
1201,2014-04-16,15246.71254
1202,2014-04-17,11517.0725
1203,2014-04-18,8721.1766
1204,2014-04-19,1880.865
1205,2014-04-20,1073.979
1206,2014-04-21,13644.6222
1207,2014-04-22,7244.557
1208,2014-04-23,7784.17092
1209,2014-04-24,10634.0821
1210,2014-04-25,5870.732
1211,2014-04-26,5624.4665
1212,2014-04-27,1084.3236
1213,2014-04-28,13019.0336
1214,2014-04-29,4531.0222
1215,2014-04-30,9716.079539999999
1216,2014-05-01,10075.2904
1217,2014-05-02,10095.5512
1218,2014-05-03,2956.367
1219,2014-05-04,2777.398
1220,2014-05-05,7532.742
1221,2014-05-06,3321.7977
1222,2014-05-07,14736.6462
1223,2014-05-08,22267.3795
1224,2014-05-09,14904.579000000002
1225,2014-05-10,8213.04476
1226,2014-05-11,808.322
1227,2014-05-12,6460.4826
1228,2014-05-13,7718.0362000000005
1229,2014-05-14,4904.3119
1230,2014-05-15,14365.104
1231,2014-05-16,21188.90412
1232,2014-05-17,6513.5895
1233,2014-05-18,160.736
1234,2014-05-19,16817.5266
1235,2014-05-20,12204.74084
1236,2014-05-21,8808.3488
1237,2014-05-22,8316.259
1238,2014-05-23,8352.0368
1239,2014-05-24,8062.777700000001
1240,2014-05-25,1212.5688
1241,2014-05-26,10350.4676
1242,2014-05-27,13568.35452
1243,2014-05-28,12134.9103
1244,2014-05-29,16614.258
1245,2014-05-30,6477.1895
1246,2014-05-31,6481.3256
1247,2014-06-01,2039.844
1248,2014-06-02,15738.0149
1249,2014-06-03,17697.93048
1250,2014-06-04,17543.37264
1251,2014-06-05,11191.20808
1252,2014-06-06,14222.06636
1253,2014-06-07,4525.76116
1254,2014-06-08,2846.67
1255,2014-06-09,20002.27146
1256,2014-06-10,18326.51064
1257,2014-06-11,17144.68156
1258,2014-06-12,11547.57096
1259,2014-06-13,12595.639799999999
1260,2014-06-14,7436.2755
1261,2014-06-15,1382.5320000000002
1262,2014-06-16,17988.1986
1263,2014-06-17,19974.10056
1264,2014-06-18,32197.37604
1265,2014-06-19,12526.26602
1266,2014-06-20,12022.671
1267,2014-06-21,6228.6212
1268,2014-06-22,1218.6009
1269,2014-06-23,16701.28862
1270,2014-06-24,27468.73764
1271,2014-06-25,13231.435
1272,2014-06-26,21339.98032
1273,2014-06-27,17892.87128
1274,2014-06-28,6938.569
1275,2014-06-29,2437.83
1276,2014-06-30,19407.16738
1277,2014-07-01,8456.245
1278,2014-07-02,11007.22
1279,2014-07-03,8742.40608
1280,2014-07-04,17291.8777
1281,2014-07-05,10303.694
1282,2014-07-06,652.28
1283,2014-07-07,7773.59508
1284,2014-07-08,4797.915
1285,2014-07-09,15173.26164
1286,2014-07-10,9793.106
1287,2014-07-11,8423.75894
1288,2014-07-12,8354.7919
1289,2014-07-13,213.528
1290,2014-07-14,9468.3334
1291,2014-07-15,7418.2445
1292,2014-07-16,9491.33298
1293,2014-07-17,11801.932
1294,2014-07-18,6535.983
1295,2014-07-19,7835.41144
1296,2014-07-20,0.0
1297,2014-07-21,12391.46374
1298,2014-07-22,12723.11432
1299,2014-07-23,4115.883
1300,2014-07-24,7808.157
1301,2014-07-25,6340.4384
1302,2014-07-26,6679.5597
1303,2014-07-27,3904.6325
1304,2014-07-28,8970.94942
1305,2014-07-29,11164.4213
1306,2014-07-30,12999.09244
1307,2014-07-31,8073.052
1308,2014-08-01,13110.5434
1309,2014-08-02,19434.857
1310,2014-08-03,1581.0615
1311,2014-08-04,21527.2271
1312,2014-08-05,13400.4034
1313,2014-08-06,19847.42876
1314,2014-08-07,23214.35076
1315,2014-08-08,17935.558
1316,2014-08-09,8220.3505
1317,2014-08-10,0.0
1318,2014-08-11,20214.3949
1319,2014-08-12,14177.26774
1320,2014-08-13,22487.8455
1321,2014-08-14,18806.9243
1322,2014-08-15,12693.38274
1323,2014-08-16,15881.6061
1324,2014-08-17,615.224
1325,2014-08-18,20153.8113
1326,2014-08-19,17608.52444
1327,2014-08-20,25234.655300000002
1328,2014-08-21,12040.4483
1329,2014-08-22,28177.6565
1330,2014-08-23,9433.4567
1331,2014-08-24,5495.804
1332,2014-08-25,11276.699700000001
1333,2014-08-26,18164.3487
1334,2014-08-27,8966.79406
1335,2014-08-28,22058.4326
1336,2014-08-29,28418.93576
1337,2014-08-30,5979.7393
1338,2014-08-31,462.21
1339,2014-09-01,16767.343
1340,2014-09-02,16641.96224
1341,2014-09-03,27844.18496
1342,2014-09-04,19503.059
1343,2014-09-05,19645.25958
1344,2014-09-06,12910.1938
1345,2014-09-07,630.36
1346,2014-09-08,27668.911
1347,2014-09-09,10259.91878
1348,2014-09-10,8982.8825
1349,2014-09-11,22511.7039
1350,2014-09-12,23056.04664
1351,2014-09-13,8900.3135
1352,2014-09-14,604.37
1353,2014-09-15,16199.98926
1354,2014-09-16,22922.8973
1355,2014-09-17,22945.900419999998
1356,2014-09-18,29838.06548
1357,2014-09-19,17151.95702
1358,2014-09-20,6013.833
1359,2014-09-21,8200.497
1360,2014-09-22,10645.0316
1361,2014-09-23,23876.49318
1362,2014-09-24,13629.54262
1363,2014-09-25,21492.49492
1364,2014-09-26,26791.06308
1365,2014-09-27,8142.8706600000005
1366,2014-09-28,5995.96164
1367,2014-09-29,17931.8976
1368,2014-09-30,13452.24002
1369,2014-10-01,7427.7711
1370,2014-10-02,21532.2825
1371,2014-10-03,22240.5782
1372,2014-10-04,8752.066420000001
1373,2014-10-05,1601.323
1374,2014-10-06,22333.4812
1375,2014-10-07,18471.69556
1376,2014-10-08,10372.3426
1377,2014-10-09,13440.88776
1378,2014-10-10,11760.007959999999
1379,2014-10-11,6575.4189
1380,2014-10-12,3783.487
1381,2014-10-13,30242.1662
1382,2014-10-14,17237.64036
1383,2014-10-15,8445.633100000001
1384,2014-10-16,9612.99628
1385,2014-10-17,29929.68798
1386,2014-10-18,4896.6278999999995
1387,2014-10-19,2605.7196
1388,2014-10-20,14932.046
1389,2014-10-21,11263.77236
1390,2014-10-22,16067.3567
1391,2014-10-23,24770.414
1392,2014-10-24,19624.69758
1393,2014-10-25,6714.7142
1394,2014-10-26,0.0
1395,2014-10-27,11054.28782
1396,2014-10-28,22230.4128
1397,2014-10-29,15127.4629
1398,2014-10-30,10448.81174
1399,2014-10-31,19270.83944
1400,2014-11-01,5190.376
1401,2014-11-02,3889.05
1402,2014-11-03,17834.4458
1403,2014-11-04,19814.964
1404,2014-11-05,24506.7476
1405,2014-11-06,18726.602
1406,2014-11-07,23916.908639999998
1407,2014-11-08,17783.05744
1408,2014-11-09,1313.5
1409,2014-11-10,19583.51294
1410,2014-11-11,21691.4615
1411,2014-11-12,26974.00248
1412,2014-11-13,19990.88942
1413,2014-11-14,23388.18572
1414,2014-11-15,5816.3859999999995
1415,2014-11-16,5086.306
1416,2014-11-17,22349.19476
1417,2014-11-18,39536.132
1418,2014-11-19,23160.0742
1419,2014-11-20,31408.0473
1420,2014-11-21,26292.2328
1421,2014-11-22,17026.27624
1422,2014-11-23,3145.7
1423,2014-11-24,16060.4461
1424,2014-11-25,25099.328
1425,2014-11-26,28477.40124
1426,2014-11-27,26091.9144
1427,2014-11-28,24443.46442
1428,2014-11-29,14512.761
1429,2014-11-30,2169.659
1430,2014-12-01,17570.8008
1431,2014-12-02,17209.156
1432,2014-12-03,25986.833720000002
1433,2014-12-04,23717.50958
1434,2014-12-05,17065.345
1435,2014-12-06,5283.508
1436,2014-12-07,4389.32992
1437,2014-12-08,18619.8606
1438,2014-12-09,20608.6028
1439,2014-12-10,25548.674
1440,2014-12-11,19206.87518
1441,2014-12-12,12083.5189
1442,2014-12-13,16622.14026
1443,2014-12-14,1309.2640000000001
1444,2014-12-15,21374.216
1445,2014-12-16,11568.2129
1446,2014-12-17,16429.1869
1447,2014-12-18,16123.57
1448,2014-12-19,25753.1901
1449,2014-12-20,7806.2602
1450,2014-12-21,395.496
1451,2014-12-22,10355.855
1452,2014-12-23,28096.0375
1453,2014-12-24,20479.9147
1454,2014-12-25,22701.69538
1455,2014-12-26,26571.3444
1456,2014-12-27,13421.26376
1457,2014-12-28,1647.174
1458,2014-12-29,25109.28878
1459,2014-12-30,16831.6148
1460,2014-12-31,13257.9543
