Order ID,Order Date,Ship Date,Ship Mode,Customer ID,Customer Name,Segment,City,State,Country,Postal Code,Market,Region,Product ID,Category,Sub-Category,Product Name,Sales,Quantity,Discount,Profit,Shipping Cost,Order Priority
CA-2012-124891,2012-07-31,7/31/12,Same Day,RH-19495,Rick Hansen,Consumer,New York City,New York,United States,10024.0,US,East,TEC-AC-10003033,Technology,Accessories,Plantronics CS510 - Over-the-Head monaural Wireless Headset System,2309.65,7,0.0,762.1845,933.57,Critical
US-2012-163825,2012-06-16,6/19/12,First Class,LC-16885,Lena Creighton,Consumer,New York City,New York,United States,10009.0,US,East,OFF-BI-10003527,Office Supplies,Binders,Fellowes PB500 Electric Punch Plastic Comb Binding Machine with Manual Bind,3050.376,3,0.2,1143.891,632.05,High
CA-2012-114811,2012-11-08,11/8/12,Same Day,KD-16495,Keith Dawkins,Corporate,New York City,New York,United States,10024.0,US,East,TEC-MA-10000045,Technology,Machines,Zebra ZM400 Thermal Label Printer,4643.8,4,0.0,2229.024,607.34,Medium
ES-2012-2058076,2012-09-20,9/22/12,Second Class,AB-10150,Aimee Bixby,Consumer,London,England,United Kingdom,,EU,North,TEC-PH-10004505,Technology,Phones,"Nokia Smart Phone, Full Size",3441.69,6,0.1,38.07,585.25,High
CA-2012-145352,2012-03-16,3/22/12,Standard Class,CM-12385,Christopher Martinez,Consumer,Atlanta,Georgia,United States,30318.0,US,South,OFF-BI-10003527,Office Supplies,Binders,Fellowes PB500 Electric Punch Plastic Comb Binding Machine with Manual Bind,6354.95,5,0.0,3177.475,581.12,Medium
CA-2012-114069,2012-07-13,7/15/12,Second Class,ND-18370,Natalie DeCherney,Consumer,New York City,New York,United States,10035.0,US,East,FUR-CH-10000595,Furniture,Chairs,Safco Contoured Stacking Chairs,1931.04,9,0.1,321.84,477.15,Critical
CA-2012-124891,2012-07-31,7/31/12,Same Day,RH-19495,Rick Hansen,Consumer,New York City,New York,United States,10024.0,US,East,FUR-TA-10002903,Furniture,Tables,"Bevis Round Bullnose 29"" High Table Top",1090.782,7,0.4,-290.8752,348.18,Critical
CA-2012-102281,2012-10-12,10/14/12,First Class,MP-17470,Mark Packer,Home Office,New York City,New York,United States,10035.0,US,East,FUR-BO-10002613,Furniture,Bookcases,"Atlantic Metals Mobile 4-Shelf Bookcases, Custom Colors",899.136,4,0.2,112.392,314.38,Critical
CA-2012-160227,2012-11-02,11/4/12,First Class,ED-13885,Emily Ducich,Home Office,New York City,New York,United States,10011.0,US,East,FUR-CH-10002073,Furniture,Chairs,Hon Olson Stacker Chairs,2621.322,11,0.1,553.3902,243.77,Medium
US-2012-127040,2012-12-06,12/10/12,Standard Class,SG-20605,Speros Goranitis,Consumer,New York City,New York,United States,10009.0,US,East,TEC-AC-10002637,Technology,Accessories,Logitech VX Revolution Cordless Laser Mouse for Notebooks (Black),1619.91,9,0.0,97.1946,223.31,High
CA-2012-143105,2012-12-10,12/10/12,Same Day,MA-17560,Matt Abelman,Home Office,New York City,New York,United States,10024.0,US,East,TEC-CO-10002095,Technology,Copiers,Hewlett Packard 610 Color Digital Copier / Printer,799.984,2,0.2,249.995,223.13,High
CA-2012-159534,2012-03-20,3/23/12,First Class,DH-13075,Dave Hallsten,Corporate,New York City,New York,United States,10035.0,US,East,OFF-BI-10003656,Office Supplies,Binders,Fellowes PB200 Plastic Comb Binding Machine,1087.936,8,0.2,353.5792,221.62,High
ES-2012-2058076,2012-09-20,9/22/12,Second Class,AB-10150,Aimee Bixby,Consumer,London,England,United Kingdom,,EU,North,TEC-MA-10004772,Technology,Machines,"Konica Inkjet, White",1677.186,6,0.1,521.766,208.31,High
ES-2012-5808020,2012-02-14,2/19/12,Second Class,ND-18370,Natalie DeCherney,Consumer,London,England,United Kingdom,,EU,North,FUR-BO-10004660,Furniture,Bookcases,"Sauder Library with Doors, Metal",1393.524,4,0.1,356.004,181.95,High
CA-2012-131338,2012-08-09,8/12/12,First Class,NP-18325,Naresj Patel,Consumer,New York City,New York,United States,10024.0,US,East,OFF-BI-10000545,Office Supplies,Binders,GBC Ibimaster 500 Manual ProClick Binding System,1217.568,2,0.2,456.588,179.39,Medium
US-2012-116981,2012-03-26,3/28/12,Second Class,SM-20950,Suzanne McNair,Corporate,New York City,New York,United States,10009.0,US,East,OFF-ST-10002615,Office Supplies,Storage,"Dual Level, Single-Width Filing Carts",1085.42,7,0.0,282.2092,164.92,Medium
ES-2012-1205030,2012-12-19,12/25/12,Standard Class,AB-10060,Adam Bellavance,Home Office,London,England,United Kingdom,,EU,North,FUR-BO-10000596,Furniture,Bookcases,"Sauder Classic Bookcase, Mobile",1578.636,4,0.1,613.836,161.06,Medium
CA-2012-102281,2012-10-12,10/14/12,First Class,MP-17470,Mark Packer,Home Office,New York City,New York,United States,10035.0,US,East,FUR-BO-10002545,Furniture,Bookcases,"Atlantic Metals Mobile 3-Shelf Bookcases, Custom Colors",626.352,3,0.2,46.9764,160.17,Critical
CA-2012-131338,2012-08-09,8/12/12,First Class,NP-18325,Naresj Patel,Consumer,New York City,New York,United States,10024.0,US,East,TEC-PH-10000984,Technology,Phones,Panasonic KX-TG9471B,979.95,5,0.0,274.386,155.28,Medium
CA-2012-145758,2012-10-30,10/30/12,Same Day,BF-11020,Barry Französisch,Corporate,New York City,New York,United States,10024.0,US,East,TEC-MA-10004552,Technology,Machines,Star Micronics TSP100 TSP143LAN Receipt Printer,1035.8,4,0.0,269.308,154.81,High
CA-2012-103933,2012-09-25,9/27/12,First Class,DR-12880,Dan Reichenbach,Corporate,New York City,New York,United States,10011.0,US,East,TEC-AC-10004171,Technology,Accessories,Razer Kraken 7.1 Surround Sound Over Ear USB Gaming Headset,899.91,9,0.0,395.9604,152.26,High
ES-2012-5808020,2012-02-14,2/19/12,Second Class,ND-18370,Natalie DeCherney,Consumer,London,England,United Kingdom,,EU,North,TEC-CO-10001628,Technology,Copiers,"Sharp Personal Copier, Digital",861.408,8,0.1,382.848,147.45,High
US-2012-160857,2012-05-08,5/15/12,Standard Class,NW-18400,Natalie Webber,Consumer,New York City,New York,United States,10024.0,US,East,TEC-CO-10004115,Technology,Copiers,Sharp AL-1530CS Digital Copier,2799.944,7,0.2,1014.9797,142.2,Medium
US-2012-166520,2012-07-16,7/19/12,First Class,KE-16420,Katrina Edelman,Corporate,New York City,New York,United States,10035.0,US,East,TEC-AC-10001990,Technology,Accessories,Kensington Orbit Wireless Mobile Trackball for PC and Mac,599.9,10,0.0,191.968,141.04,Medium
ES-2012-1590672,2012-07-13,7/17/12,Standard Class,JC-16105,Julie Creighton,Corporate,London,England,United Kingdom,,EU,North,TEC-MA-10002771,Technology,Machines,"StarTech Inkjet, White",807.084,3,0.1,304.884,123.08,High
US-2012-126977,2012-09-17,9/23/12,Standard Class,PF-19120,Peter Fuller,Consumer,New York City,New York,United States,10035.0,US,East,FUR-BO-10002213,Furniture,Bookcases,DMI Eclipse Executive Suite Bookcases,2003.92,5,0.2,-25.049,122.58,Medium
CA-2012-165050,2012-12-07,12/9/12,First Class,AH-10210,Alan Hwang,Consumer,New York City,New York,United States,10024.0,US,East,TEC-PH-10001336,Technology,Phones,Digium D40 VoIP phone,773.94,6,0.0,224.4426,121.91,Medium
CA-2012-141040,2012-10-09,10/13/12,Second Class,TB-21250,Tim Brockman,Consumer,New York City,New York,United States,10024.0,US,East,TEC-PH-10001835,Technology,Phones,Jawbone JAMBOX Wireless Bluetooth Speaker,631.96,4,0.0,303.3408,121.21,High
CA-2012-130659,2012-12-04,12/9/12,Second Class,MS-17365,Maribeth Schnelling,Consumer,New York City,New York,United States,10035.0,US,East,TEC-PH-10004586,Technology,Phones,Wilson SignalBoost 841262 DB PRO Amplifier Kit,1799.75,5,0.0,539.925,114.77,Medium
ES-2012-1208415,2012-09-05,9/6/12,First Class,BP-11050,Barry Pond,Corporate,London,England,United Kingdom,,EU,North,FUR-BO-10002680,Furniture,Bookcases,"Sauder 3-Shelf Cabinet, Traditional",750.06,5,0.1,91.56,106.25,High
MX-2012-167122,2012-04-23,4/27/12,Standard Class,ML-17395,Marina Lichtenstein,Corporate,Santa Clara,Villa Clara,Cuba,,LATAM,Caribbean,TEC-CO-10000344,Technology,Copiers,"Hewlett Copy Machine, Color",1219.61588,7,0.002,266.35588,103.26,High
CA-2012-140984,2012-09-14,9/18/12,Standard Class,CC-12685,Craig Carroll,Consumer,New York City,New York,United States,10011.0,US,East,OFF-ST-10000585,Office Supplies,Storage,Economy Rollaway Files,991.2,6,0.0,257.712,103.01,Medium
CA-2012-140557,2012-09-07,9/11/12,Standard Class,TN-21040,Tanja Norvell,Home Office,New York City,New York,United States,10009.0,US,East,TEC-AC-10002402,Technology,Accessories,Razer Kraken PRO Over Ear PC and Music Headset,559.93,7,0.0,167.979,101.52,High
IT-2012-1519794,2012-01-11,1/15/12,Standard Class,TS-21655,Trudy Schmidt,Consumer,London,England,United Kingdom,,EU,North,TEC-CO-10000270,Technology,Copiers,"Hewlett Fax Machine, High-Speed",2004.156,7,0.1,-0.084,98.86,Medium
ES-2012-5985650,2012-08-03,8/7/12,Second Class,TB-21625,Trudy Brown,Consumer,London,England,United Kingdom,,EU,North,TEC-CO-10004154,Technology,Copiers,"Canon Copy Machine, Digital",706.806,3,0.1,7.776,97.89,High
ES-2012-3241112,2012-06-28,7/3/12,Standard Class,AH-10120,Adrian Hane,Home Office,London,England,United Kingdom,,EU,North,FUR-CH-10000685,Furniture,Chairs,"Hon Executive Leather Armchair, Black",822.852,2,0.1,246.852,92.78,Medium
CA-2012-169796,2012-11-09,11/14/12,Standard Class,Dp-13240,Dean percer,Home Office,New York City,New York,United States,10035.0,US,East,TEC-MA-10000045,Technology,Machines,Zebra ZM400 Thermal Label Printer,2321.9,2,0.0,1114.512,92.2,High
CA-2012-110765,2012-10-16,10/20/12,Second Class,MP-17965,Michael Paige,Corporate,New York City,New York,United States,10011.0,US,East,TEC-PH-10004165,Technology,Phones,Mitel MiVoice 5330e IP Phone,824.97,3,0.0,214.4922,82.36,Medium
US-2012-157154,2012-01-10,1/15/12,Standard Class,MM-17920,Michael Moore,Consumer,New York City,New York,United States,10011.0,US,East,FUR-TA-10001889,Furniture,Tables,Bush Advantage Collection Racetrack Conference Table,1018.104,4,0.4,-373.3048,81.27,Medium
CA-2012-114811,2012-11-08,11/8/12,Same Day,KD-16495,Keith Dawkins,Corporate,New York City,New York,United States,10024.0,US,East,FUR-CH-10003746,Furniture,Chairs,Hon 4070 Series Pagoda Round Back Stacking Chairs,577.764,2,0.1,115.5528,78.0,Medium
CA-2012-108665,2012-07-06,7/10/12,Standard Class,KM-16225,Kalyca Meade,Corporate,New York City,New York,United States,10011.0,US,East,OFF-ST-10001526,Office Supplies,Storage,Iceberg Mobile Mega Data/Printer Cart ,601.65,5,0.0,156.429,77.87,High
CA-2012-164539,2012-11-16,11/22/12,Standard Class,PO-19180,Philisse Overcash,Home Office,New York City,New York,United States,10011.0,US,East,OFF-AP-10002457,Office Supplies,Appliances,"Eureka The Boss Plus 12-Amp Hard Box Upright Vacuum, Red",523.25,5,0.0,141.2775,74.71,Low
CA-2012-103177,2012-05-30,6/1/12,First Class,EN-13780,Edward Nazzal,Consumer,New York City,New York,United States,10009.0,US,East,TEC-PH-10001795,Technology,Phones,RCA H5401RE1 DECT 6.0 4-Line Cordless Handset With Caller ID/Call Waiting,239.97,3,0.0,2.3997,73.75,High
ES-2012-4825433,2012-03-16,3/16/12,Same Day,SC-20020,Sam Craven,Consumer,London,England,United Kingdom,,EU,North,FUR-CH-10001150,Furniture,Chairs,"SAFCO Steel Folding Chair, Red",308.556,4,0.1,126.756,71.64,Medium
CA-2012-113145,2012-11-01,11/5/12,Standard Class,VD-21670,Valerie Dominguez,Consumer,New York City,New York,United States,10011.0,US,East,TEC-AC-10001838,Technology,Accessories,Razer Tiamat Over Ear 7.1 Surround Sound PC Gaming Headset,1399.93,7,0.0,601.9699,70.34,Medium
CA-2012-145814,2012-11-19,11/24/12,Standard Class,KD-16345,Katherine Ducich,Consumer,New York City,New York,United States,10035.0,US,East,TEC-PH-10002200,Technology,Phones,Aastra 6757i CT Wireless VoIP phone,861.76,4,0.0,249.9104,68.46,Medium
ES-2012-4362177,2012-08-29,8/30/12,First Class,RD-19585,Rob Dowd,Consumer,London,England,United Kingdom,,EU,North,TEC-PH-10004827,Technology,Phones,"Samsung Headset, Cordless",342.225,5,0.1,140.625,66.24,Critical
CA-2012-109512,2012-03-05,3/5/12,Same Day,LF-17185,Luke Foster,Consumer,New York City,New York,United States,10011.0,US,East,FUR-CH-10001146,Furniture,Chairs,"Global Value Mid-Back Manager's Chair, Gray",383.607,7,0.1,63.9345,62.5,Critical
ES-2012-5325598,2012-05-22,5/27/12,Second Class,KD-16495,Keith Dawkins,Corporate,London,England,United Kingdom,,EU,North,FUR-CH-10004462,Furniture,Chairs,"Hon Executive Leather Armchair, Adjustable",827.334,2,0.1,156.234,62.44,High
ES-2012-1929989,2012-04-26,4/30/12,Standard Class,VS-21820,Vivek Sundaresam,Consumer,London,England,United Kingdom,,EU,North,FUR-BO-10002936,Furniture,Bookcases,"Ikea Stackable Bookrack, Pine",334.611,3,0.1,148.671,58.11,High
CA-2012-109512,2012-03-05,3/5/12,Same Day,LF-17185,Luke Foster,Consumer,New York City,New York,United States,10011.0,US,East,OFF-ST-10000689,Office Supplies,Storage,"Fellowes Strictly Business Drawer File, Letter/Legal Size",563.4,4,0.0,67.608,49.81,Critical
MX-2012-151176,2012-09-20,9/25/12,Standard Class,BF-11215,Benjamin Farhat,Home Office,Santa Clara,Villa Clara,Cuba,,LATAM,Caribbean,FUR-CH-10004095,Furniture,Chairs,"SAFCO Executive Leather Armchair, Adjustable",618.56,2,0.0,235.04,49.37,Medium
CA-2012-113152,2012-12-25,12/30/12,Standard Class,JK-15625,Jim Karlsson,Consumer,New York City,New York,United States,10024.0,US,East,TEC-AC-10002049,Technology,Accessories,Plantronics Savi W720 Multi-Device Wireless Headset System,843.9,2,0.0,371.316,48.46,High
CA-2012-143980,2012-12-25,12/29/12,Standard Class,JK-15640,Jim Kriz,Home Office,New York City,New York,United States,10011.0,US,East,OFF-AP-10003779,Office Supplies,Appliances,Kensington 7 Outlet MasterPiece Power Center with Fax/Phone Line Protection,414.96,2,0.0,124.488,46.58,High
CA-2012-113145,2012-11-01,11/5/12,Standard Class,VD-21670,Valerie Dominguez,Consumer,New York City,New York,United States,10011.0,US,East,TEC-PH-10002597,Technology,Phones,Xblue XB-1670-86 X16 Small Office Telephone - Titanium,503.96,4,0.0,125.99,46.13,Medium
CA-2012-126739,2012-11-01,11/3/12,Second Class,JH-16180,Justin Hirsh,Consumer,New York City,New York,United States,10035.0,US,East,FUR-CH-10000422,Furniture,Chairs,Global Highback Leather Tilter in Burgundy,327.564,4,0.1,21.8376,45.24,High
ES-2012-1211810,2012-06-29,7/4/12,Second Class,BS-11800,Bryan Spruell,Home Office,London,England,United Kingdom,,EU,North,OFF-ST-10002175,Office Supplies,Storage,"Fellowes Lockers, Single Width",559.872,3,0.1,43.542,45.03,High
CA-2012-114811,2012-11-08,11/8/12,Same Day,KD-16495,Keith Dawkins,Corporate,New York City,New York,United States,10024.0,US,East,TEC-PH-10004165,Technology,Phones,Mitel MiVoice 5330e IP Phone,549.98,2,0.0,142.9948,44.1,Medium
IT-2012-2666705,2012-08-23,8/29/12,Standard Class,SR-20425,Sharelle Roach,Home Office,London,England,United Kingdom,,EU,North,OFF-AR-10004492,Office Supplies,Art,"BIC Canvas, Blue",338.31,7,0.1,-7.56,42.18,Low
MX-2012-130918,2012-11-08,11/10/12,Second Class,AT-10735,Annie Thurman,Consumer,Santa Clara,Villa Clara,Cuba,,LATAM,Caribbean,FUR-BO-10000746,Furniture,Bookcases,"Ikea Corner Shelving, Mobile",418.6,5,0.0,179.9,41.4,Medium
CA-2012-159534,2012-03-20,3/23/12,First Class,DH-13075,Dave Hallsten,Corporate,New York City,New York,United States,10035.0,US,East,TEC-PH-10002310,Technology,Phones,Panasonic KX T7731-B Digital phone,199.98,2,0.0,53.9946,40.45,High
CA-2012-120915,2012-09-28,10/3/12,Second Class,JJ-15445,Jennifer Jackson,Consumer,New York City,New York,United States,10035.0,US,East,OFF-AP-10002578,Office Supplies,Appliances,"Fellowes Premier Superior Surge Suppressor, 10-Outlet, With Phone and Remote",293.52,6,0.0,76.3152,40.22,Medium
ES-2012-4203057,2012-09-06,9/8/12,Second Class,RO-19780,Rose O'Brian,Consumer,London,England,United Kingdom,,EU,North,OFF-ST-10002539,Office Supplies,Storage,"Fellowes Shelving, Single Width",260.415,5,0.1,46.215,38.87,High
ES-2012-3075765,2012-07-11,7/14/12,First Class,DS-13180,David Smith,Corporate,London,England,United Kingdom,,EU,North,TEC-PH-10001148,Technology,Phones,"Samsung Signal Booster, VoIP",246.024,2,0.1,65.604,38.18,Medium
CA-2012-110814,2012-12-05,12/9/12,Second Class,BD-11635,Brian Derr,Consumer,New York City,New York,United States,10009.0,US,East,OFF-BI-10002026,Office Supplies,Binders,Avery Arch Ring Binders,232.4,5,0.2,78.435,36.67,Medium
CA-2012-140984,2012-09-14,9/18/12,Standard Class,CC-12685,Craig Carroll,Consumer,New York City,New York,United States,10011.0,US,East,TEC-CO-10001571,Technology,Copiers,Sharp 1540cs Digital Laser Copier,879.984,2,0.2,329.994,36.27,Medium
CA-2012-143105,2012-12-10,12/10/12,Same Day,MA-17560,Matt Abelman,Home Office,New York City,New York,United States,10024.0,US,East,OFF-PA-10002254,Office Supplies,Paper,Xerox 1883,184.66,7,0.0,84.9436,35.87,High
CA-2012-111164,2012-04-11,4/15/12,Standard Class,SE-20110,Sanjit Engle,Consumer,New York City,New York,United States,10009.0,US,East,OFF-AP-10004487,Office Supplies,Appliances,Kensington 4 Outlet MasterPiece Compact Power Control Center,406.6,5,0.0,113.848,35.03,Medium
CA-2012-142475,2012-12-03,12/7/12,Standard Class,BS-11380,Bill Stewart,Corporate,New York City,New York,United States,10011.0,US,East,OFF-BI-10003718,Office Supplies,Binders,GBC Therma-A-Bind 250T Electric Binding System,590.352,6,0.2,206.6232,34.96,Medium
US-2012-137960,2012-12-18,12/18/12,Same Day,MW-18220,Mitch Webber,Consumer,New York City,New York,United States,10035.0,US,East,TEC-AC-10002253,Technology,Accessories,Imation Bio 8GB USB Flash Drive Imation Corp,166.24,1,0.0,24.936,33.78,Medium
ES-2012-4848943,2012-06-25,6/29/12,Standard Class,DM-12955,Dario Medina,Corporate,London,England,United Kingdom,,EU,North,OFF-ST-10003995,Office Supplies,Storage,"Eldon File Cart, Single Width",345.384,3,0.1,30.654,33.37,Medium
CA-2012-131338,2012-08-09,8/12/12,First Class,NP-18325,Naresj Patel,Consumer,New York City,New York,United States,10024.0,US,East,TEC-PH-10003012,Technology,Phones,Nortel Meridian M3904 Professional Digital phone,307.98,2,0.0,89.3142,32.96,Medium
CA-2012-113152,2012-12-25,12/30/12,Standard Class,JK-15625,Jim Karlsson,Consumer,New York City,New York,United States,10024.0,US,East,FUR-BO-10002613,Furniture,Bookcases,"Atlantic Metals Mobile 4-Shelf Bookcases, Custom Colors",449.568,2,0.2,56.196,31.59,High
IT-2012-2666705,2012-08-23,8/29/12,Standard Class,SR-20425,Sharelle Roach,Home Office,London,England,United Kingdom,,EU,North,TEC-AC-10003518,Technology,Accessories,"Logitech Router, USB",222.777,1,0.1,4.947,31.47,Low
CA-2012-165799,2012-06-29,7/2/12,First Class,SG-20470,Sheri Gordon,Consumer,New York City,New York,United States,10024.0,US,East,FUR-CH-10001482,Furniture,Chairs,Office Star - Mesh Screen back chair with Vinyl seat,117.882,1,0.1,1.3098,30.94,Critical
CA-2012-131338,2012-08-09,8/12/12,First Class,NP-18325,Naresj Patel,Consumer,New York City,New York,United States,10024.0,US,East,OFF-PA-10001357,Office Supplies,Paper,Xerox 1886,143.7,3,0.0,68.976,30.92,Medium
CA-2012-139584,2012-08-24,8/28/12,Standard Class,EM-13810,Eleni McCrary,Corporate,New York City,New York,United States,10009.0,US,East,FUR-TA-10001539,Furniture,Tables,Chromcraft Rectangular Conference Tables,284.364,2,0.4,-75.8304,30.26,High
CA-2012-103177,2012-05-30,6/1/12,First Class,EN-13780,Edward Nazzal,Consumer,New York City,New York,United States,10009.0,US,East,OFF-AP-10004540,Office Supplies,Appliances,"Eureka The Boss Lite 10-Amp Upright Vacuum, Blue",160.32,2,0.0,44.8896,29.92,High
CA-2012-124933,2012-12-26,12/30/12,Second Class,DF-13135,David Flashing,Consumer,New York City,New York,United States,10009.0,US,East,OFF-PA-10003302,Office Supplies,Paper,Xerox 1906,212.64,6,0.0,99.9408,29.27,Medium
ES-2012-2113350,2012-07-24,7/28/12,Second Class,OT-18730,Olvera Toch,Consumer,London,England,United Kingdom,,EU,North,OFF-ST-10002506,Office Supplies,Storage,"Smead Lockers, Blue",1071.468,6,0.1,83.268,29.05,Medium
CA-2012-132465,2012-09-11,9/15/12,Second Class,DM-13525,Don Miller,Corporate,New York City,New York,United States,10035.0,US,East,FUR-FU-10000277,Furniture,Furnishings,Deflect-o DuraMat Antistatic Studded Beveled Mat for Medium Pile Carpeting,210.68,2,0.0,50.5632,28.83,Medium
CA-2012-137925,2012-11-30,12/4/12,Standard Class,JL-15235,Janet Lee,Consumer,New York City,New York,United States,10035.0,US,East,FUR-BO-10001608,Furniture,Bookcases,"Hon Metal Bookcases, Black",681.408,12,0.2,42.588,28.71,Medium
US-2012-138919,2012-09-17,9/21/12,Standard Class,LS-16975,Lindsay Shagiari,Home Office,New York City,New York,United States,10035.0,US,East,FUR-TA-10004154,Furniture,Tables,"Riverside Furniture Oval Coffee Table, Oval End Table, End Table with Drawer",344.22,2,0.4,-103.266,28.49,Medium
CA-2012-131338,2012-08-09,8/12/12,First Class,NP-18325,Naresj Patel,Consumer,New York City,New York,United States,10024.0,US,East,TEC-AC-10002600,Technology,Accessories,Belkin QODE FastFit Bluetooth Keyboard,247.8,4,0.0,34.692,28.35,Medium
US-2012-160857,2012-05-08,5/15/12,Standard Class,NW-18400,Natalie Webber,Consumer,New York City,New York,United States,10024.0,US,East,OFF-SU-10000157,Office Supplies,Supplies,Compact Automatic Electric Letter Opener,357.93,3,0.0,7.1586,27.62,Medium
CA-2012-132465,2012-09-11,9/15/12,Second Class,DM-13525,Don Miller,Corporate,New York City,New York,United States,10035.0,US,East,OFF-ST-10001932,Office Supplies,Storage,Fellowes Staxonsteel Drawer Files,772.68,4,0.0,108.1752,27.59,Medium
CA-2012-166464,2012-09-12,9/17/12,Standard Class,PG-18895,Paul Gonzalez,Consumer,New York City,New York,United States,10035.0,US,East,TEC-CO-10000971,Technology,Copiers,Hewlett Packard 310 Color Digital Copier,479.984,2,0.2,59.998,27.09,Medium
ES-2012-4002217,2012-11-27,12/3/12,Standard Class,SC-20230,Scot Coram,Corporate,London,England,United Kingdom,,EU,North,FUR-CH-10004194,Furniture,Chairs,"Novimex Bag Chairs, Red",206.82,5,0.1,36.72,26.12,Low
US-2012-126977,2012-09-17,9/23/12,Standard Class,PF-19120,Peter Fuller,Consumer,New York City,New York,United States,10035.0,US,East,FUR-CH-10001973,Furniture,Chairs,Office Star Flex Back Scooter Chair with White Frame,199.764,2,0.1,8.8784,25.95,Medium
US-2012-163825,2012-06-16,6/19/12,First Class,LC-16885,Lena Creighton,Consumer,New York City,New York,United States,10009.0,US,East,TEC-PH-10004922,Technology,Phones,RCA Visys Integrated PBX 8-Line Router,133.98,2,0.0,33.495,25.86,High
ES-2012-4825433,2012-03-16,3/16/12,Same Day,SC-20020,Sam Craven,Consumer,London,England,United Kingdom,,EU,North,OFF-BI-10003616,Office Supplies,Binders,"Avery Binding Machine, Clear",173.88,4,0.1,3.84,25.79,Medium
CA-2012-130659,2012-12-04,12/9/12,Second Class,MS-17365,Maribeth Schnelling,Consumer,New York City,New York,United States,10035.0,US,East,FUR-CH-10003535,Furniture,Chairs,"Global Armless Task Chair, Royal Blue",384.174,7,0.1,29.8802,25.51,Medium
ES-2012-5238758,2012-12-17,12/23/12,Standard Class,SJ-20125,Sanjit Jacobs,Home Office,London,England,United Kingdom,,EU,North,OFF-AR-10000399,Office Supplies,Art,"Stanley Canvas, Water Color",379.08,8,0.1,143.16,25.18,Medium
CA-2012-138954,2012-11-15,11/17/12,First Class,MH-17785,Maya Herman,Corporate,New York City,New York,United States,10035.0,US,East,OFF-AR-10001955,Office Supplies,Art,Newell 319,119.04,6,0.0,35.712,25.13,Critical
IT-2012-2666705,2012-08-23,8/29/12,Standard Class,SR-20425,Sharelle Roach,Home Office,London,England,United Kingdom,,EU,North,OFF-ST-10002172,Office Supplies,Storage,"Fellowes Trays, Blue",206.604,4,0.1,-6.996,24.85,Low
CA-2012-113145,2012-11-01,11/5/12,Standard Class,VD-21670,Valerie Dominguez,Consumer,New York City,New York,United States,10011.0,US,East,FUR-FU-10000965,Furniture,Furnishings,"Howard Miller 11-1/2"" Diameter Ridgewood Wall Clock",259.7,5,0.0,106.477,24.3,Medium
MX-2012-167122,2012-04-23,4/27/12,Standard Class,ML-17395,Marina Lichtenstein,Corporate,Santa Clara,Villa Clara,Cuba,,LATAM,Caribbean,FUR-CH-10002547,Furniture,Chairs,"Office Star Steel Folding Chair, Red",183.42,3,0.0,20.16,23.55,High
CA-2012-164084,2012-09-07,9/12/12,Standard Class,AG-10525,Andy Gerbode,Corporate,New York City,New York,United States,10011.0,US,East,FUR-TA-10003569,Furniture,Tables,Bretford CR8500 Series Meeting Room Furniture,481.176,2,0.4,-120.294,22.01,Medium
CA-2012-150791,2012-09-06,9/13/12,Standard Class,CC-12430,Chuck Clark,Home Office,New York City,New York,United States,10024.0,US,East,FUR-CH-10000665,Furniture,Chairs,"Global Airflow Leather Mesh Back Chair, Black",271.764,2,0.1,60.392,21.84,Medium
ES-2012-3241112,2012-06-28,7/3/12,Standard Class,AH-10120,Adrian Hane,Home Office,London,England,United Kingdom,,EU,North,OFF-SU-10001909,Office Supplies,Supplies,"Fiskars Scissors, Steel",284.256,14,0.1,122.976,21.55,Medium
ES-2012-5238758,2012-12-17,12/23/12,Standard Class,SJ-20125,Sanjit Jacobs,Home Office,London,England,United Kingdom,,EU,North,OFF-AR-10000399,Office Supplies,Art,"Stanley Canvas, Water Color",331.695,7,0.1,125.265,21.33,Medium
ES-2012-4687979,2012-09-01,9/5/12,Standard Class,SD-20485,Shirley Daniels,Home Office,London,England,United Kingdom,,EU,North,OFF-AR-10000980,Office Supplies,Art,"Sanford Pencil Sharpener, Water Color",140.94,6,0.1,25.02,20.37,High
CA-2012-122973,2012-07-18,7/20/12,Second Class,PJ-19015,Pauline Johnson,Consumer,New York City,New York,United States,10024.0,US,East,TEC-PH-10002468,Technology,Phones,"Plantronics CS 50-USB - headset - Convertible, Monaural",135.99,1,0.0,36.7173,20.19,High
IT-2012-2666705,2012-08-23,8/29/12,Standard Class,SR-20425,Sharelle Roach,Home Office,London,England,United Kingdom,,EU,North,OFF-AR-10002145,Office Supplies,Art,"Binney & Smith Sketch Pad, Fluorescent",171.288,4,0.1,-9.552,20.13,Low
CA-2012-135489,2012-09-19,9/22/12,Second Class,GW-14605,Giulietta Weimer,Consumer,New York City,New York,United States,10024.0,US,East,TEC-PH-10000011,Technology,Phones,PureGear Roll-On Screen Protector,279.86,14,0.0,134.3328,19.05,High
CA-2012-138954,2012-11-15,11/17/12,First Class,MH-17785,Maya Herman,Corporate,New York City,New York,United States,10035.0,US,East,OFF-ST-10003058,Office Supplies,Storage,Eldon Mobile Mega Data Cart  Mega Stackable  Add-On Trays,70.95,3,0.0,20.5755,18.94,Critical
CA-2012-102281,2012-10-12,10/14/12,First Class,MP-17470,Mark Packer,Home Office,New York City,New York,United States,10035.0,US,East,TEC-PH-10001552,Technology,Phones,I Need's 3d Hello Kitty Hybrid Silicone Case Cover for HTC One X 4g with 3d Hello Kitty Stylus Pen Green/pink,71.76,6,0.0,20.0928,18.15,Critical
CA-2012-131338,2012-08-09,8/12/12,First Class,NP-18325,Naresj Patel,Consumer,New York City,New York,United States,10024.0,US,East,FUR-TA-10002607,Furniture,Tables,KI Conference Tables,382.806,9,0.4,-153.1224,18.15,Medium
IT-2012-2666705,2012-08-23,8/29/12,Standard Class,SR-20425,Sharelle Roach,Home Office,London,England,United Kingdom,,EU,North,OFF-FA-10004424,Office Supplies,Fasteners,"Advantus Clamps, 12 Pack",151.632,9,0.1,9.882,18.01,Low
CA-2012-165624,2012-08-23,8/28/12,Standard Class,FH-14350,Fred Harton,Consumer,Atlanta,Georgia,United States,30318.0,US,South,TEC-AC-10004568,Technology,Accessories,Maxell LTO Ultrium - 800 GB,251.91,9,0.0,47.8629,17.94,Medium
IT-2012-2666705,2012-08-23,8/29/12,Standard Class,SR-20425,Sharelle Roach,Home Office,London,England,United Kingdom,,EU,North,OFF-AR-10001216,Office Supplies,Art,"BIC Pencil Sharpener, Easy-Erase",131.76,5,0.1,-7.44,17.17,Low
ES-2012-2110783,2012-12-28,1/3/13,Standard Class,NF-18385,Natalie Fritzler,Consumer,London,England,United Kingdom,,EU,North,OFF-SU-10002451,Office Supplies,Supplies,"Elite Letter Opener, High Speed",168.21,7,0.1,59.64,16.76,Medium
CA-2012-120915,2012-09-28,10/3/12,Second Class,JJ-15445,Jennifer Jackson,Consumer,New York City,New York,United States,10035.0,US,East,TEC-PH-10003012,Technology,Phones,Nortel Meridian M3904 Professional Digital phone,307.98,2,0.0,89.3142,16.11,Medium
CA-2012-108665,2012-07-06,7/10/12,Standard Class,KM-16225,Kalyca Meade,Corporate,New York City,New York,United States,10011.0,US,East,FUR-FU-10000965,Furniture,Furnishings,"Howard Miller 11-1/2"" Diameter Ridgewood Wall Clock",155.82,3,0.0,63.8862,15.93,High
ES-2012-5859259,2012-08-13,8/14/12,First Class,SE-20110,Sanjit Engle,Consumer,London,England,United Kingdom,,EU,North,OFF-PA-10004480,Office Supplies,Paper,"Eaton Cards & Envelopes, Recycled",81.162,2,0.1,36.042,15.39,Critical
IT-2012-5647122,2012-10-30,11/5/12,Standard Class,AB-10255,Alejandro Ballentine,Home Office,London,England,United Kingdom,,EU,North,OFF-AR-10004825,Office Supplies,Art,"BIC Canvas, Fluorescent",148.392,3,0.1,41.202,14.97,Low
CA-2012-114811,2012-11-08,11/8/12,Same Day,KD-16495,Keith Dawkins,Corporate,New York City,New York,United States,10024.0,US,East,OFF-ST-10000885,Office Supplies,Storage,Fellowes Desktop Hanging File Manager,67.15,5,0.0,16.7875,14.54,Medium
ES-2012-5325598,2012-05-22,5/27/12,Second Class,KD-16495,Keith Dawkins,Corporate,London,England,United Kingdom,,EU,North,TEC-AC-10003533,Technology,Accessories,"SanDisk Mouse, Bluetooth",103.437,3,0.1,1.107,14.2,High
US-2012-126977,2012-09-17,9/23/12,Standard Class,PF-19120,Peter Fuller,Consumer,New York City,New York,United States,10035.0,US,East,TEC-AC-10003033,Technology,Accessories,Plantronics CS510 - Over-the-Head monaural Wireless Headset System,659.9,2,0.0,217.767,14.13,Medium
CA-2012-108665,2012-07-06,7/10/12,Standard Class,KM-16225,Kalyca Meade,Corporate,New York City,New York,United States,10011.0,US,East,TEC-PH-10004188,Technology,Phones,OtterBox Commuter Series Case - Samsung Galaxy S4,124.95,5,0.0,2.499,13.57,High
CA-2012-132465,2012-09-11,9/15/12,Second Class,DM-13525,Don Miller,Corporate,New York City,New York,United States,10035.0,US,East,OFF-ST-10003641,Office Supplies,Storage,Space Solutions Industrial Galvanized Steel Shelving.,78.8,1,0.0,1.576,13.4,Medium
CA-2012-102281,2012-10-12,10/14/12,First Class,MP-17470,Mark Packer,Home Office,New York City,New York,United States,10035.0,US,East,OFF-PA-10000061,Office Supplies,Paper,Xerox 205,51.84,8,0.0,24.8832,13.38,Critical
CA-2012-103177,2012-05-30,6/1/12,First Class,EN-13780,Edward Nazzal,Consumer,New York City,New York,United States,10009.0,US,East,TEC-PH-10001527,Technology,Phones,Plantronics MX500i Earset,128.85,3,0.0,3.8655,13.37,High
ES-2012-5808020,2012-02-14,2/19/12,Second Class,ND-18370,Natalie DeCherney,Consumer,London,England,United Kingdom,,EU,North,OFF-EN-10002013,Office Supplies,Envelopes,"Kraft Business Envelopes, Security-Tint",59.184,4,0.1,26.304,13.14,High
CA-2012-100454,2012-11-20,11/25/12,Standard Class,BM-11650,Brian Moss,Corporate,New York City,New York,United States,10035.0,US,East,FUR-BO-10001519,Furniture,Bookcases,O'Sullivan 3-Shelf Heavy-Duty Bookcases,186.048,4,0.2,9.3024,12.92,Medium
CA-2012-165624,2012-08-23,8/28/12,Standard Class,FH-14350,Fred Harton,Consumer,Atlanta,Georgia,United States,30318.0,US,South,OFF-AP-10000828,Office Supplies,Appliances,Avanti 4.4 Cu. Ft. Refrigerator,542.94,3,0.0,152.0232,12.68,Medium
US-2012-109015,2012-09-06,9/12/12,Standard Class,BS-11590,Brendan Sweed,Corporate,New York City,New York,United States,10011.0,US,East,TEC-PH-10002922,Technology,Phones,ShoreTel ShorePhone IP 230 VoIP phone,337.98,2,0.0,101.394,12.63,Medium
US-2012-126977,2012-09-17,9/23/12,Standard Class,PF-19120,Peter Fuller,Consumer,New York City,New York,United States,10035.0,US,East,FUR-BO-10004834,Furniture,Bookcases,"Riverside Palais Royal Lawyers Bookcase, Royale Cherry Finish",4228.704,6,0.2,158.5764,12.26,Medium
CA-2012-159534,2012-03-20,3/23/12,First Class,DH-13075,Dave Hallsten,Corporate,New York City,New York,United States,10035.0,US,East,OFF-ST-10001172,Office Supplies,Storage,"Tennsco Lockers, Sand",83.92,4,0.0,20.1408,12.13,High
CA-2012-128013,2012-08-09,8/16/12,Standard Class,MF-18250,Monica Federle,Corporate,New York City,New York,United States,10035.0,US,East,OFF-PA-10001815,Office Supplies,Paper,Xerox 1885,144.12,3,0.0,69.1776,11.85,Medium
US-2012-104185,2012-09-03,9/8/12,Second Class,JB-15400,Jennifer Braxton,Corporate,New York City,New York,United States,10009.0,US,East,OFF-ST-10001526,Office Supplies,Storage,Iceberg Mobile Mega Data/Printer Cart ,120.33,1,0.0,31.2858,11.79,Medium
IT-2012-2666705,2012-08-23,8/29/12,Standard Class,SR-20425,Sharelle Roach,Home Office,London,England,United Kingdom,,EU,North,OFF-SU-10001808,Office Supplies,Supplies,"Elite Shears, High Speed",126.927,3,0.1,12.627,11.63,Low
CA-2012-120810,2012-07-23,7/27/12,Standard Class,TH-21550,Tracy Hopkins,Home Office,New York City,New York,United States,10009.0,US,East,FUR-FU-10002253,Furniture,Furnishings,"Howard Miller 13"" Diameter Pewter Finish Round Wall Clock",128.82,3,0.0,50.2398,11.26,Medium
ES-2012-5419499,2012-03-17,3/21/12,Second Class,AA-10480,Andrew Allen,Consumer,London,England,United Kingdom,,EU,North,OFF-LA-10004737,Office Supplies,Labels,"Avery Shipping Labels, 5000 Label Set",88.128,8,0.1,27.408,11.21,High
ES-2012-1217718,2012-11-27,12/2/12,Standard Class,MS-17980,Michael Stewart,Corporate,London,England,United Kingdom,,EU,North,TEC-MA-10003856,Technology,Machines,"Okidata Calculator, Red",133.488,3,0.1,28.098,10.98,Medium
US-2012-156797,2012-08-11,8/15/12,Standard Class,PO-19180,Philisse Overcash,Home Office,New York City,New York,United States,10035.0,US,East,TEC-PH-10004614,Technology,Phones,AT&T 841000 Phone,138.0,2,0.0,34.5,10.96,Medium
MX-2012-154249,2012-11-26,11/30/12,Standard Class,AP-10915,Arthur Prichep,Consumer,Santa Clara,Villa Clara,Cuba,,LATAM,Caribbean,OFF-SU-10001421,Office Supplies,Supplies,"Acme Shears, Easy Grip",137.44,4,0.0,35.68,10.84,Medium
CA-2012-138954,2012-11-15,11/17/12,First Class,MH-17785,Maya Herman,Corporate,New York City,New York,United States,10035.0,US,East,OFF-BI-10003963,Office Supplies,Binders,Cardinal Holdit Data Disk Pockets,34.944,6,0.2,11.7936,10.68,Critical
CA-2012-105102,2012-09-15,9/19/12,Second Class,BM-11575,Brendan Murry,Corporate,New York City,New York,United States,10035.0,US,East,OFF-BI-10002082,Office Supplies,Binders,GBC Twin Loop Wire Binding Elements,79.872,3,0.2,29.952,10.38,Medium
ES-2012-4203057,2012-09-06,9/8/12,Second Class,RO-19780,Rose O'Brian,Consumer,London,England,United Kingdom,,EU,North,OFF-BI-10003724,Office Supplies,Binders,"Cardinal Index Tab, Economy",55.188,7,0.1,22.008,10.16,High
ES-2012-4002217,2012-11-27,12/3/12,Standard Class,SC-20230,Scot Coram,Corporate,London,England,United Kingdom,,EU,North,FUR-FU-10001717,Furniture,Furnishings,"Rubbermaid Stacking Tray, Erganomic",99.792,7,0.4,-13.398,10.12,Low
CA-2012-165624,2012-08-23,8/28/12,Standard Class,FH-14350,Fred Harton,Consumer,Atlanta,Georgia,United States,30318.0,US,South,OFF-PA-10002499,Office Supplies,Paper,Xerox 1890,97.88,2,0.0,48.94,10.02,Medium
CA-2012-132080,2012-08-22,8/25/12,First Class,DP-13105,Dave Poirier,Corporate,New York City,New York,United States,10035.0,US,East,OFF-BI-10003694,Office Supplies,Binders,"Avery 3 1/2"" Diskette Storage Pages, 10/Pack",50.112,6,0.2,16.2864,9.69,Critical
ES-2012-1590672,2012-07-13,7/17/12,Standard Class,JC-16105,Julie Creighton,Corporate,London,England,United Kingdom,,EU,North,OFF-BI-10000972,Office Supplies,Binders,"Acco 3-Hole Punch, Economy",54.216,2,0.1,5.376,9.64,High
CA-2012-159534,2012-03-20,3/23/12,First Class,DH-13075,Dave Hallsten,Corporate,New York City,New York,United States,10035.0,US,East,OFF-BI-10003982,Office Supplies,Binders,Wilson Jones Century Plastic Molded Ring Binders,49.848,3,0.2,16.8237,9.64,High
CA-2012-118843,2012-09-13,9/20/12,Standard Class,JH-15910,Jonathan Howell,Consumer,Atlanta,Georgia,United States,30318.0,US,South,FUR-FU-10003975,Furniture,Furnishings,Eldon Advantage Chair Mats for Low to Medium Pile Carpets,129.93,3,0.0,12.993,9.48,Medium
ES-2012-4825433,2012-03-16,3/16/12,Same Day,SC-20020,Sam Craven,Consumer,London,England,United Kingdom,,EU,North,OFF-EN-10004775,Office Supplies,Envelopes,"Kraft Manila Envelope, Set of 50",47.682,2,0.1,0.522,9.34,Medium
US-2012-126977,2012-09-17,9/23/12,Standard Class,PF-19120,Peter Fuller,Consumer,New York City,New York,United States,10035.0,US,East,OFF-PA-10004071,Office Supplies,Paper,"Eaton Premium Continuous-Feed Paper, 25% Cotton, Letter Size, White, 1000 Shts/Box",110.96,2,0.0,53.2608,8.9,Medium
CA-2012-112557,2012-04-25,4/28/12,First Class,JL-15850,John Lucas,Consumer,New York City,New York,United States,10035.0,US,East,OFF-AP-10002311,Office Supplies,Appliances,"Holmes Replacement Filter for HEPA Air Cleaner, Very Large Room, HEPA Filter",206.43,3,0.0,90.8292,8.77,Medium
CA-2012-100454,2012-11-20,11/25/12,Standard Class,BM-11650,Brian Moss,Corporate,New York City,New York,United States,10035.0,US,East,OFF-AR-10004648,Office Supplies,Art,Boston 19500 Mighty Mite Electric Pencil Sharpener,60.45,3,0.0,16.3215,8.74,Medium
US-2012-126977,2012-09-17,9/23/12,Standard Class,PF-19120,Peter Fuller,Consumer,New York City,New York,United States,10035.0,US,East,TEC-PH-10002170,Technology,Phones,ClearSounds CSC500 Amplified Spirit Phone Corded phone,209.97,3,0.0,58.7916,8.74,Medium
ES-2012-4002217,2012-11-27,12/3/12,Standard Class,SC-20230,Scot Coram,Corporate,London,England,United Kingdom,,EU,North,TEC-AC-10001904,Technology,Accessories,"Logitech Mouse, Bluetooth",105.408,4,0.1,40.968,8.56,Low
CA-2012-102281,2012-10-12,10/14/12,First Class,MP-17470,Mark Packer,Home Office,New York City,New York,United States,10035.0,US,East,OFF-AR-10003514,Office Supplies,Art,4009 Highlighters by Sanford,19.9,5,0.0,6.567,8.56,Critical
CA-2012-153906,2012-03-16,3/20/12,Standard Class,MS-17980,Michael Stewart,Corporate,New York City,New York,United States,10009.0,US,East,TEC-PH-10001527,Technology,Phones,Plantronics MX500i Earset,85.9,2,0.0,2.577,8.18,Medium
ES-2012-5578260,2012-07-28,8/1/12,Standard Class,MS-17530,MaryBeth Skach,Consumer,London,England,United Kingdom,,EU,North,TEC-MA-10002435,Technology,Machines,"Epson Receipt Printer, Wireless",315.981,3,0.1,49.131,7.79,Medium
MX-2012-151176,2012-09-20,9/25/12,Standard Class,BF-11215,Benjamin Farhat,Home Office,Santa Clara,Villa Clara,Cuba,,LATAM,Caribbean,OFF-AR-10002824,Office Supplies,Art,"Sanford Markers, Water Color",88.1,5,0.0,22.0,7.63,Medium
ES-2012-2058076,2012-09-20,9/22/12,Second Class,AB-10150,Aimee Bixby,Consumer,London,England,United Kingdom,,EU,North,OFF-FA-10001711,Office Supplies,Fasteners,"Accos Rubber Bands, 12 Pack",43.497,3,0.1,11.097,7.4,High
ES-2012-4193401,2012-12-06,12/11/12,Standard Class,GT-14710,Greg Tran,Consumer,London,England,United Kingdom,,EU,North,OFF-ST-10000288,Office Supplies,Storage,"Fellowes Lockers, Industrial",187.029,1,0.1,70.629,7.29,Medium
MX-2012-168424,2012-09-28,10/2/12,Standard Class,EB-13840,Ellis Ballard,Corporate,Santa Clara,Villa Clara,Cuba,,LATAM,Caribbean,OFF-SU-10002627,Office Supplies,Supplies,"Kleencut Scissors, Serrated",37.98,3,0.0,6.42,7.25,High
CA-2012-124891,2012-07-31,7/31/12,Same Day,RH-19495,Rick Hansen,Consumer,New York City,New York,United States,10024.0,US,East,OFF-PA-10004621,Office Supplies,Paper,Xerox 212,19.44,3,0.0,9.3312,7.24,Critical
US-2012-126977,2012-09-17,9/23/12,Standard Class,PF-19120,Peter Fuller,Consumer,New York City,New York,United States,10035.0,US,East,OFF-LA-10002762,Office Supplies,Labels,Avery 485,87.71,7,0.0,41.2237,7.19,Medium
CA-2012-165624,2012-08-23,8/28/12,Standard Class,FH-14350,Fred Harton,Consumer,Atlanta,Georgia,United States,30318.0,US,South,OFF-PA-10002319,Office Supplies,Paper,Xerox 1944,193.8,5,0.0,94.962,7.18,Medium
CA-2012-111458,2012-09-26,9/30/12,Standard Class,PF-19165,Philip Fox,Consumer,New York City,New York,United States,10035.0,US,East,TEC-AC-10001590,Technology,Accessories,Dell Slim USB Multimedia Keyboard,50.0,2,0.0,12.0,7.14,High
US-2012-160857,2012-05-08,5/15/12,Standard Class,NW-18400,Natalie Webber,Consumer,New York City,New York,United States,10024.0,US,East,FUR-FU-10001095,Furniture,Furnishings,DAX Black Cherry Wood-Tone Poster Frame,79.44,3,0.0,30.1872,7.01,Medium
ES-2012-3495013,2012-11-05,11/10/12,Standard Class,JD-16150,Justin Deggeller,Corporate,London,England,United Kingdom,,EU,North,OFF-AR-10003377,Office Supplies,Art,"Boston Pencil Sharpener, Easy-Erase",217.512,8,0.1,14.472,6.87,Medium
CA-2012-143105,2012-12-10,12/10/12,Same Day,MA-17560,Matt Abelman,Home Office,New York City,New York,United States,10024.0,US,East,OFF-PA-10002713,Office Supplies,Paper,"Adams Phone Message Book, 200 Message Capacity, 8 1/16” x 11”",41.28,6,0.0,18.9888,6.74,High
CA-2012-110667,2012-04-04,4/8/12,Standard Class,NF-18595,Nicole Fjeld,Home Office,New York City,New York,United States,10009.0,US,East,FUR-FU-10004622,Furniture,Furnishings,Eldon Advantage Foldable Chair Mats for Low Pile Carpets,108.4,2,0.0,22.764,6.58,Medium
US-2012-127040,2012-12-06,12/10/12,Standard Class,SG-20605,Speros Goranitis,Consumer,New York City,New York,United States,10009.0,US,East,OFF-PA-10001184,Office Supplies,Paper,Xerox 1903,41.86,7,0.0,20.5114,6.54,High
MX-2012-167927,2012-06-06,6/10/12,Standard Class,TS-21610,Troy Staebel,Consumer,Santa Clara,Villa Clara,Cuba,,LATAM,Caribbean,FUR-CH-10001282,Furniture,Chairs,"Hon Bag Chairs, Adjustable",63.52,2,0.0,14.6,6.54,Medium
US-2012-126977,2012-09-17,9/23/12,Standard Class,PF-19120,Peter Fuller,Consumer,New York City,New York,United States,10035.0,US,East,OFF-ST-10003058,Office Supplies,Storage,Eldon Mobile Mega Data Cart  Mega Stackable  Add-On Trays,94.6,4,0.0,27.434,6.37,Medium
IT-2012-5214692,2012-09-03,9/6/12,First Class,HR-14770,Hallie Redmond,Home Office,London,England,United Kingdom,,EU,North,OFF-SU-10001813,Office Supplies,Supplies,"Kleencut Ruler, Easy Grip",27.324,2,0.1,-2.436,6.3,High
CA-2012-150196,2012-07-02,7/3/12,First Class,SR-20740,Steven Roelle,Home Office,New York City,New York,United States,10024.0,US,East,OFF-PA-10003797,Office Supplies,Paper,Xerox 209,19.44,3,0.0,9.3312,6.24,Critical
ES-2012-2113350,2012-07-24,7/28/12,Second Class,OT-18730,Olvera Toch,Consumer,London,England,United Kingdom,,EU,North,OFF-AR-10001418,Office Supplies,Art,"BIC Markers, Easy-Erase",96.12,4,0.1,19.2,6.2,Medium
CA-2012-111164,2012-04-11,4/15/12,Standard Class,SE-20110,Sanjit Engle,Consumer,New York City,New York,United States,10009.0,US,East,TEC-AC-10002473,Technology,Accessories,Maxell 4.7GB DVD-R,85.14,3,0.0,34.9074,6.18,Medium
IT-2012-5647122,2012-10-30,11/5/12,Standard Class,AB-10255,Alejandro Ballentine,Home Office,London,England,United Kingdom,,EU,North,OFF-AR-10003113,Office Supplies,Art,"Binney & Smith Pens, Blue",42.984,4,0.1,15.264,5.99,Low
CA-2012-141740,2012-11-01,11/5/12,Standard Class,JF-15490,Jeremy Farry,Consumer,New York City,New York,United States,10009.0,US,East,FUR-CH-10001545,Furniture,Chairs,Hon Comfortask Task/Swivel Chairs,205.164,2,0.1,13.6776,5.99,Medium
CA-2012-161711,2012-11-28,12/3/12,Standard Class,MC-17425,Mark Cousins,Corporate,New York City,New York,United States,10035.0,US,East,OFF-EN-10001539,Office Supplies,Envelopes,Staples,62.24,8,0.0,29.2528,5.93,Medium
ES-2012-4687979,2012-09-01,9/5/12,Standard Class,SD-20485,Shirley Daniels,Home Office,London,England,United Kingdom,,EU,North,OFF-FA-10001113,Office Supplies,Fasteners,"OIC Push Pins, Assorted Sizes",44.496,4,0.1,4.896,5.91,High
CA-2012-120810,2012-07-23,7/27/12,Standard Class,TH-21550,Tracy Hopkins,Home Office,New York City,New York,United States,10009.0,US,East,OFF-AP-10002892,Office Supplies,Appliances,Belkin F5C206VTEL 6 Outlet Surge,68.94,3,0.0,20.682,5.7,Medium
US-2012-127040,2012-12-06,12/10/12,Standard Class,SG-20605,Speros Goranitis,Consumer,New York City,New York,United States,10009.0,US,East,FUR-FU-10002878,Furniture,Furnishings,"Seth Thomas 14"" Day/Date Wall Clock",113.92,4,0.0,42.1504,5.61,High
MX-2012-166485,2012-09-11,9/14/12,Second Class,SC-20845,Sung Chung,Consumer,Santa Clara,Villa Clara,Cuba,,LATAM,Caribbean,OFF-EN-10003636,Office Supplies,Envelopes,"Jiffy Peel and Seal, Security-Tint",29.88,2,0.0,7.44,5.59,Critical
CA-2012-110814,2012-12-05,12/9/12,Second Class,BD-11635,Brian Derr,Consumer,New York City,New York,United States,10009.0,US,East,FUR-CH-10003535,Furniture,Chairs,"Global Armless Task Chair, Royal Blue",164.646,3,0.1,12.8058,5.49,Medium
US-2012-160857,2012-05-08,5/15/12,Standard Class,NW-18400,Natalie Webber,Consumer,New York City,New York,United States,10024.0,US,East,FUR-CH-10002647,Furniture,Chairs,"Situations Contoured Folding Chairs, 4/Set",127.764,2,0.1,21.294,5.4,Medium
CA-2012-164623,2012-10-20,10/22/12,First Class,MS-17770,Maxwell Schwartz,Consumer,New York City,New York,United States,10035.0,US,East,OFF-PA-10000249,Office Supplies,Paper,Staples,24.56,2,0.0,11.5432,5.27,High
CA-2012-164441,2012-11-08,11/13/12,Standard Class,AC-10450,Amy Cox,Consumer,New York City,New York,United States,10011.0,US,East,OFF-BI-10001922,Office Supplies,Binders,Storex Dura Pro Binders,52.272,11,0.2,17.6418,5.25,Medium
ES-2012-1217718,2012-11-27,12/2/12,Standard Class,MS-17980,Michael Stewart,Corporate,London,England,United Kingdom,,EU,North,OFF-BI-10003763,Office Supplies,Binders,"Ibico Index Tab, Economy",84.321,9,0.1,22.221,5.09,Medium
CA-2012-109512,2012-03-05,3/5/12,Same Day,LF-17185,Luke Foster,Consumer,New York City,New York,United States,10011.0,US,East,OFF-EN-10002621,Office Supplies,Envelopes,Staples,29.34,3,0.0,14.67,5.0,Critical
CA-2012-142734,2012-04-16,4/21/12,Standard Class,DM-13345,Denise Monton,Corporate,New York City,New York,United States,10024.0,US,East,FUR-CH-10003968,Furniture,Chairs,Novimex Turbo Task Chair,127.764,2,0.1,2.8392,4.93,Medium
CA-2012-148712,2012-04-17,4/23/12,Standard Class,JM-15535,Jessica Myrick,Consumer,New York City,New York,United States,10035.0,US,East,TEC-AC-10003198,Technology,Accessories,Enermax Acrylux Wireless Keyboard,99.6,1,0.0,36.852,4.77,Medium
CA-2012-110667,2012-04-04,4/8/12,Standard Class,NF-18595,Nicole Fjeld,Home Office,New York City,New York,United States,10009.0,US,East,OFF-BI-10002735,Office Supplies,Binders,GBC Prestige Therm-A-Bind Covers,82.344,3,0.2,27.7911,4.64,Medium
ES-2012-5823618,2012-07-04,7/10/12,Standard Class,MG-17890,Michael Granlund,Home Office,London,England,United Kingdom,,EU,North,OFF-PA-10001650,Office Supplies,Paper,"Xerox Message Books, Premium",54.999,3,0.1,21.969,4.63,Medium
ES-2012-5805673,2012-07-25,7/30/12,Standard Class,SC-20575,Sonia Cooley,Consumer,London,England,United Kingdom,,EU,North,OFF-PA-10000450,Office Supplies,Paper,"Green Bar Note Cards, Multicolor",213.759,7,0.1,73.479,4.56,Medium
CA-2012-105102,2012-09-15,9/19/12,Second Class,BM-11575,Brendan Murry,Corporate,New York City,New York,United States,10035.0,US,East,FUR-BO-10004709,Furniture,Bookcases,"Bush Westfield Collection Bookcases, Medium Cherry Finish",46.384,1,0.2,1.1596,4.55,Medium
CA-2012-142055,2012-05-08,5/10/12,First Class,AB-10255,Alejandro Ballentine,Home Office,New York City,New York,United States,10009.0,US,East,OFF-PA-10003465,Office Supplies,Paper,Xerox 1912,37.94,2,0.0,18.2112,4.5,Critical
CA-2012-131338,2012-08-09,8/12/12,First Class,NP-18325,Naresj Patel,Consumer,New York City,New York,United States,10024.0,US,East,FUR-FU-10002157,Furniture,Furnishings,Artistic Insta-Plaque,47.04,3,0.0,18.3456,4.47,Medium
CA-2012-137897,2012-11-14,11/19/12,Standard Class,PJ-18835,Patrick Jones,Corporate,New York City,New York,United States,10035.0,US,East,TEC-AC-10001267,Technology,Accessories,Imation 32GB Pocket Pro USB 3.0 Flash Drive - 32 GB - Black - 1 P ...,59.9,2,0.0,23.96,4.4,Medium
CA-2012-164084,2012-09-07,9/12/12,Standard Class,AG-10525,Andy Gerbode,Corporate,New York City,New York,United States,10011.0,US,East,TEC-AC-10002305,Technology,Accessories,KeyTronic E03601U1 - Keyboard - Beige,90.0,5,0.0,16.2,4.4,Medium
IT-2012-3646834,2012-01-16,1/21/12,Standard Class,HK-14890,Heather Kirkland,Corporate,London,England,United Kingdom,,EU,North,OFF-ST-10003305,Office Supplies,Storage,"Rogers Box, Blue",64.719,3,0.1,-5.841,4.17,Medium
ES-2012-1439705,2012-06-25,7/1/12,Standard Class,CM-12715,Craig Molinari,Corporate,London,England,United Kingdom,,EU,North,OFF-BI-10002354,Office Supplies,Binders,"Acco Binder, Clear",39.447,3,0.1,10.017,4.11,Low
CA-2012-148712,2012-04-17,4/23/12,Standard Class,JM-15535,Jessica Myrick,Consumer,New York City,New York,United States,10035.0,US,East,OFF-BI-10001900,Office Supplies,Binders,"DXL Angle-View Binders with Locking Rings, Black",62.296,13,0.2,21.0249,4.1,Medium
ES-2012-1208415,2012-09-05,9/6/12,First Class,BP-11050,Barry Pond,Corporate,London,England,United Kingdom,,EU,North,OFF-AR-10002113,Office Supplies,Art,"Boston Highlighters, Easy-Erase",17.226,1,0.1,2.286,4.09,High
CA-2012-118227,2012-04-24,4/28/12,Standard Class,DB-13270,Deborah Brumfield,Home Office,New York City,New York,United States,10009.0,US,East,OFF-AR-10001044,Office Supplies,Art,"BOSTON Ranger #55 Pencil Sharpener, Black",25.99,1,0.0,7.5371,4.02,High
ES-2012-5238758,2012-12-17,12/23/12,Standard Class,SJ-20125,Sanjit Jacobs,Home Office,London,England,United Kingdom,,EU,North,OFF-AR-10000444,Office Supplies,Art,"BIC Highlighters, Blue",85.185,5,0.1,28.335,4.0,Medium
ES-2012-5070100,2012-11-19,11/21/12,First Class,JM-15865,John Murray,Consumer,London,England,United Kingdom,,EU,North,OFF-BI-10000121,Office Supplies,Binders,"Cardinal Index Tab, Clear",12.096,2,0.1,4.296,3.97,Critical
ES-2012-5823618,2012-07-04,7/10/12,Standard Class,MG-17890,Michael Granlund,Home Office,London,England,United Kingdom,,EU,North,OFF-EN-10002015,Office Supplies,Envelopes,"GlobeWeis Peel and Seal, with clear poly window",44.874,2,0.1,-2.526,3.95,Medium
ES-2012-2058076,2012-09-20,9/22/12,Second Class,AB-10150,Aimee Bixby,Consumer,London,England,United Kingdom,,EU,North,OFF-BI-10003281,Office Supplies,Binders,"Ibico Binder, Recycled",42.768,3,0.1,-0.972,3.86,High
CA-2012-108588,2012-01-05,1/10/12,Standard Class,BG-11695,Brooke Gillingham,Corporate,New York City,New York,United States,10009.0,US,East,OFF-AR-10001615,Office Supplies,Art,Newell 34,59.52,3,0.0,15.4752,3.85,Medium
CA-2012-164084,2012-09-07,9/12/12,Standard Class,AG-10525,Andy Gerbode,Corporate,New York City,New York,United States,10011.0,US,East,OFF-ST-10003638,Office Supplies,Storage,Mobile Personal File Cube,70.26,3,0.0,18.9702,3.81,Medium
IT-2012-5647122,2012-10-30,11/5/12,Standard Class,AB-10255,Alejandro Ballentine,Home Office,London,England,United Kingdom,,EU,North,OFF-ST-10001091,Office Supplies,Storage,"Smead Box, Industrial",30.375,3,0.1,-0.675,3.76,Low
CA-2012-139584,2012-08-24,8/28/12,Standard Class,EM-13810,Eleni McCrary,Corporate,New York City,New York,United States,10009.0,US,East,TEC-AC-10001266,Technology,Accessories,Memorex Micro Travel Drive 8 GB,26.0,2,0.0,11.7,3.76,High
ES-2012-5805673,2012-07-25,7/30/12,Standard Class,SC-20575,Sonia Cooley,Consumer,London,England,United Kingdom,,EU,North,OFF-EN-10003630,Office Supplies,Envelopes,"GlobeWeis Business Envelopes, Set of 50",62.424,4,0.1,11.784,3.72,Medium
ES-2012-1208415,2012-09-05,9/6/12,First Class,BP-11050,Barry Pond,Corporate,London,England,United Kingdom,,EU,North,OFF-AR-10004115,Office Supplies,Art,"Sanford Markers, Blue",62.775,3,0.1,6.255,3.68,High
US-2012-126977,2012-09-17,9/23/12,Standard Class,PF-19120,Peter Fuller,Consumer,New York City,New York,United States,10035.0,US,East,TEC-PH-10000169,Technology,Phones,ARKON Windshield Dashboard Air Vent Car Mount Holder,67.8,4,0.0,1.356,3.64,Medium
CA-2012-105508,2012-09-24,9/29/12,Standard Class,JF-15190,Jamie Frazer,Consumer,New York City,New York,United States,10035.0,US,East,OFF-EN-10003055,Office Supplies,Envelopes,"Blue String-Tie & Button Interoffice Envelopes, 10 x 13",39.98,1,0.0,17.991,3.63,Medium
CA-2012-130876,2012-05-12,5/16/12,Second Class,AZ-10750,Annie Zypern,Consumer,New York City,New York,United States,10024.0,US,East,OFF-ST-10004258,Office Supplies,Storage,Portable Personal File Box,36.63,3,0.0,9.8901,3.57,Medium
US-2012-150231,2012-03-16,3/20/12,Second Class,JK-15640,Jim Kriz,Home Office,New York City,New York,United States,10009.0,US,East,OFF-AR-10001761,Office Supplies,Art,Avery Hi-Liter Smear-Safe Highlighters,17.52,3,0.0,6.3072,3.53,High
CA-2012-133536,2012-03-28,3/30/12,Second Class,JH-15820,John Huston,Consumer,New York City,New York,United States,10009.0,US,East,OFF-EN-10004459,Office Supplies,Envelopes,Security-Tint Envelopes,22.92,3,0.0,11.2308,3.51,High
CA-2012-114069,2012-07-13,7/15/12,Second Class,ND-18370,Natalie DeCherney,Consumer,New York City,New York,United States,10035.0,US,East,OFF-BI-10000320,Office Supplies,Binders,GBC Plastic Binding Combs,11.808,2,0.2,4.2804,3.47,Critical
CA-2012-110632,2012-03-17,3/22/12,Second Class,HR-14830,Harold Ryan,Corporate,New York City,New York,United States,10009.0,US,East,OFF-ST-10001291,Office Supplies,Storage,"Tenex Personal Self-Stacking Standard File Box, Black/Gray",33.82,2,0.0,9.1314,3.43,Medium
CA-2012-161711,2012-11-28,12/3/12,Standard Class,MC-17425,Mark Cousins,Corporate,New York City,New York,United States,10035.0,US,East,FUR-FU-10000087,Furniture,Furnishings,"Executive Impressions 14"" Two-Color Numerals Wall Clock",68.16,3,0.0,27.9456,3.41,Medium
CA-2012-118843,2012-09-13,9/20/12,Standard Class,JH-15910,Jonathan Howell,Consumer,Atlanta,Georgia,United States,30318.0,US,South,OFF-PA-10001712,Office Supplies,Paper,Xerox 1948,69.93,7,0.0,31.4685,3.34,Medium
IT-2012-4530181,2012-12-26,12/30/12,Second Class,HZ-14950,Henia Zydlo,Consumer,London,England,United Kingdom,,EU,North,OFF-AR-10001482,Office Supplies,Art,"Stanley Markers, Easy-Erase",80.892,4,0.1,-8.988,3.29,Medium
ES-2012-1290570,2012-11-21,11/27/12,Standard Class,BD-11500,Bradley Drucker,Consumer,London,England,United Kingdom,,EU,North,OFF-ST-10002905,Office Supplies,Storage,"Rogers Box, Single Width",43.2,2,0.1,0.96,3.26,Medium
ES-2012-5985650,2012-08-03,8/7/12,Second Class,TB-21625,Trudy Brown,Consumer,London,England,United Kingdom,,EU,North,FUR-FU-10002305,Furniture,Furnishings,"Advantus Door Stop, Black",27.018,1,0.4,-8.562,3.16,High
MX-2012-151176,2012-09-20,9/25/12,Standard Class,BF-11215,Benjamin Farhat,Home Office,Santa Clara,Villa Clara,Cuba,,LATAM,Caribbean,OFF-LA-10000413,Office Supplies,Labels,"Hon Legal Exhibit Labels, Alphabetical",35.6,5,0.0,2.8,3.05,Medium
ES-2012-1439705,2012-06-25,7/1/12,Standard Class,CM-12715,Craig Molinari,Corporate,London,England,United Kingdom,,EU,North,OFF-AR-10004884,Office Supplies,Art,"Sanford Pens, Fluorescent",22.248,2,0.1,4.428,3.03,Low
CA-2012-113145,2012-11-01,11/5/12,Standard Class,VD-21670,Valerie Dominguez,Consumer,New York City,New York,United States,10011.0,US,East,TEC-PH-10001527,Technology,Phones,Plantronics MX500i Earset,42.95,1,0.0,1.2885,2.92,Medium
CA-2012-163762,2012-11-27,12/1/12,Standard Class,JE-15475,Jeremy Ellison,Consumer,New York City,New York,United States,10024.0,US,East,OFF-AR-10001915,Office Supplies,Art,Peel-Off China Markers,29.79,3,0.0,12.5118,2.89,Medium
IT-2012-3646834,2012-01-16,1/21/12,Standard Class,HK-14890,Heather Kirkland,Corporate,London,England,United Kingdom,,EU,North,OFF-FA-10004657,Office Supplies,Fasteners,"Stockwell Thumb Tacks, Metal",36.855,3,0.1,8.955,2.86,Medium
MX-2012-125360,2012-04-19,4/23/12,Standard Class,RW-19690,Robert Waldorf,Consumer,Santa Clara,Villa Clara,Cuba,,LATAM,Caribbean,FUR-FU-10000585,Furniture,Furnishings,"Deflect-O Light Bulb, Duo Pack",25.4,2,0.0,0.48,2.77,Medium
CA-2012-144386,2012-11-05,11/11/12,Standard Class,GT-14635,Grant Thornton,Corporate,New York City,New York,United States,10009.0,US,East,OFF-BI-10001116,Office Supplies,Binders,"Wilson Jones 1"" Hanging DublLock Ring Binders",25.344,6,0.2,8.8704,2.65,Low
CA-2012-105599,2012-09-07,9/7/12,Same Day,MC-17275,Marc Crier,Consumer,New York City,New York,United States,10011.0,US,East,FUR-TA-10003837,Furniture,Tables,Anderson Hickey Conga Table Tops & Accessories,27.414,3,0.4,-14.1639,2.54,Medium
ES-2012-5325598,2012-05-22,5/27/12,Second Class,KD-16495,Keith Dawkins,Corporate,London,England,United Kingdom,,EU,North,OFF-BI-10003650,Office Supplies,Binders,"Ibico Index Tab, Clear",24.057,3,0.1,2.097,2.5,High
CA-2012-141040,2012-10-09,10/13/12,Second Class,TB-21250,Tim Brockman,Consumer,New York City,New York,United States,10024.0,US,East,OFF-PA-10002245,Office Supplies,Paper,Xerox 1895,23.92,4,0.0,10.764,2.49,High
CA-2012-131338,2012-08-09,8/12/12,First Class,NP-18325,Naresj Patel,Consumer,New York City,New York,United States,10024.0,US,East,OFF-ST-10000642,Office Supplies,Storage,"Tennsco Lockers, Gray",41.96,2,0.0,2.9372,2.46,Medium
ES-2012-4124732,2012-08-15,8/19/12,Second Class,JP-15520,Jeremy Pistek,Consumer,London,England,United Kingdom,,EU,North,OFF-ST-10001460,Office Supplies,Storage,"Smead Trays, Industrial",132.192,3,0.1,33.732,2.38,Medium
US-2012-134271,2012-04-18,4/23/12,Second Class,RF-19735,Roland Fjeld,Consumer,New York City,New York,United States,10024.0,US,East,OFF-LA-10004093,Office Supplies,Labels,Avery 486,21.93,3,0.0,10.3071,2.33,Medium
ES-2012-5238758,2012-12-17,12/23/12,Standard Class,SJ-20125,Sanjit Jacobs,Home Office,London,England,United Kingdom,,EU,North,OFF-FA-10000256,Office Supplies,Fasteners,"Advantus Clamps, Bulk Pack",34.722,2,0.1,11.562,2.31,Medium
CA-2012-137897,2012-11-14,11/19/12,Standard Class,PJ-18835,Patrick Jones,Corporate,New York City,New York,United States,10035.0,US,East,TEC-AC-10002217,Technology,Accessories,Imation Clip USB flash drive - 8 GB,37.6,2,0.0,2.256,2.26,Medium
ES-2012-5808020,2012-02-14,2/19/12,Second Class,ND-18370,Natalie DeCherney,Consumer,London,England,United Kingdom,,EU,North,OFF-BI-10000368,Office Supplies,Binders,"Avery Binder Covers, Durable",11.313,1,0.1,0.363,2.19,High
CA-2012-165050,2012-12-07,12/9/12,First Class,AH-10210,Alan Hwang,Consumer,New York City,New York,United States,10024.0,US,East,OFF-BI-10001031,Office Supplies,Binders,Pressboard Data Binders by Wilson Jones,21.36,5,0.2,7.209,2.13,Medium
CA-2012-159534,2012-03-20,3/23/12,First Class,DH-13075,Dave Hallsten,Corporate,New York City,New York,United States,10035.0,US,East,OFF-EN-10004386,Office Supplies,Envelopes,"Recycled Interoffice Envelopes with String and Button Closure, 10 x 13",23.99,1,0.0,11.995,2.08,High
US-2012-142020,2012-06-04,6/8/12,Second Class,TC-21535,Tracy Collins,Home Office,New York City,New York,United States,10024.0,US,East,FUR-FU-10000672,Furniture,Furnishings,"Executive Impressions 10"" Spectator Wall Clock",35.28,3,0.0,11.9952,2.07,Medium
CA-2012-110814,2012-12-05,12/9/12,Second Class,BD-11635,Brian Derr,Consumer,New York City,New York,United States,10009.0,US,East,OFF-PA-10004156,Office Supplies,Paper,Xerox 188,22.68,2,0.0,11.1132,2.06,Medium
CA-2012-145352,2012-03-16,3/22/12,Standard Class,CM-12385,Christopher Martinez,Consumer,Atlanta,Georgia,United States,30318.0,US,South,OFF-ST-10001228,Office Supplies,Storage,Personal File Boxes with Fold-Down Carry Handle,46.74,3,0.0,11.685,2.02,Medium
CA-2012-144253,2012-05-04,5/9/12,Second Class,AS-10225,Alan Schoenberger,Corporate,New York City,New York,United States,10024.0,US,East,FUR-FU-10002671,Furniture,Furnishings,Electrix 20W Halogen Replacement Bulb for Zoom-In Desk Lamp,26.8,2,0.0,12.864,2.01,Medium
CA-2012-137897,2012-11-14,11/19/12,Standard Class,PJ-18835,Patrick Jones,Corporate,New York City,New York,United States,10035.0,US,East,OFF-PA-10004041,Office Supplies,Paper,"It's Hot Message Books with Stickers, 2 3/4"" x 5""",37.0,5,0.0,16.65,1.99,Medium
CA-2012-129854,2012-08-22,8/26/12,Standard Class,RB-19705,Roger Barcio,Home Office,New York City,New York,United States,10009.0,US,East,OFF-AR-10000390,Office Supplies,Art,Newell Chalk Holder,16.52,4,0.0,7.5992,1.97,High
ES-2012-1157133,2012-04-23,4/27/12,Standard Class,NP-18670,Nora Paige,Consumer,London,England,United Kingdom,,EU,North,OFF-BI-10004233,Office Supplies,Binders,"Avery Index Tab, Economy",21.141,3,0.1,7.281,1.95,Medium
CA-2012-108665,2012-07-06,7/10/12,Standard Class,KM-16225,Kalyca Meade,Corporate,New York City,New York,United States,10011.0,US,East,FUR-FU-10002191,Furniture,Furnishings,G.E. Halogen Desk Lamp Bulbs,13.96,2,0.0,6.7008,1.9,High
CA-2012-132465,2012-09-11,9/15/12,Second Class,DM-13525,Don Miller,Corporate,New York City,New York,United States,10035.0,US,East,TEC-AC-10001998,Technology,Accessories,Logitech LS21 Speaker System - PC Multimedia - 2.1-CH - Wired,19.99,1,0.0,6.7966,1.89,Medium
US-2012-141684,2012-06-29,7/4/12,Standard Class,MM-18055,Michelle Moray,Consumer,New York City,New York,United States,10011.0,US,East,OFF-PA-10002870,Office Supplies,Paper,"Ampad Phone Message Book, Recycled, 400 Message Capacity, 5 ¾” x 11”",24.96,4,0.0,11.232,1.88,Medium
US-2012-160857,2012-05-08,5/15/12,Standard Class,NW-18400,Natalie Webber,Consumer,New York City,New York,United States,10024.0,US,East,OFF-PA-10003363,Office Supplies,Paper,Xerox 204,19.44,3,0.0,9.3312,1.87,Medium
CA-2012-131338,2012-08-09,8/12/12,First Class,NP-18325,Naresj Patel,Consumer,New York City,New York,United States,10024.0,US,East,OFF-FA-10000992,Office Supplies,Fasteners,"Acco Clips to Go Binder Clips, 24 Clips in Two Sizes",10.65,3,0.0,5.0055,1.85,Medium
CA-2012-164441,2012-11-08,11/13/12,Standard Class,AC-10450,Amy Cox,Consumer,New York City,New York,United States,10011.0,US,East,OFF-PA-10001667,Office Supplies,Paper,Great White Multi-Use Recycled Paper (20Lb. and 84 Bright),17.94,3,0.0,8.073,1.75,Medium
CA-2012-111164,2012-04-11,4/15/12,Standard Class,SE-20110,Sanjit Engle,Consumer,New York City,New York,United States,10009.0,US,East,TEC-PH-10004531,Technology,Phones,OtterBox Commuter Series Case - iPhone 5 & 5s,21.99,1,0.0,10.5552,1.71,Medium
CA-2012-165624,2012-08-23,8/28/12,Standard Class,FH-14350,Fred Harton,Consumer,Atlanta,Georgia,United States,30318.0,US,South,OFF-PA-10003893,Office Supplies,Paper,Xerox 1962,21.4,5,0.0,9.63,1.7,Medium
ES-2012-5823618,2012-07-04,7/10/12,Standard Class,MG-17890,Michael Granlund,Home Office,London,England,United Kingdom,,EU,North,OFF-AR-10000659,Office Supplies,Art,"BIC Pencil Sharpener, Fluorescent",27.243,1,0.1,7.263,1.69,Medium
ES-2012-5805673,2012-07-25,7/30/12,Standard Class,SC-20575,Sonia Cooley,Consumer,London,England,United Kingdom,,EU,North,OFF-FA-10004880,Office Supplies,Fasteners,"Accos Rubber Bands, Bulk Pack",30.024,2,0.1,12.984,1.69,Medium
CA-2012-130659,2012-12-04,12/9/12,Second Class,MS-17365,Maribeth Schnelling,Consumer,New York City,New York,United States,10035.0,US,East,OFF-EN-10004147,Office Supplies,Envelopes,Wausau Papers Astrobrights Colored Envelopes,17.94,3,0.0,8.7906,1.65,Medium
US-2012-166520,2012-07-16,7/19/12,First Class,KE-16420,Katrina Edelman,Corporate,New York City,New York,United States,10035.0,US,East,OFF-PA-10000501,Office Supplies,Paper,Petty Cash Envelope,80.88,3,0.0,39.6312,1.64,Medium
CA-2012-114069,2012-07-13,7/15/12,Second Class,ND-18370,Natalie DeCherney,Consumer,New York City,New York,United States,10035.0,US,East,OFF-PA-10000349,Office Supplies,Paper,Staples,9.96,2,0.0,4.6812,1.63,Critical
CA-2012-132276,2012-02-23,2/28/12,Standard Class,LC-16960,Lindsay Castell,Home Office,New York City,New York,United States,10024.0,US,East,OFF-AP-10000804,Office Supplies,Appliances,Hoover Portapower Portable Vacuum,26.88,6,0.0,6.72,1.63,Medium
ES-2012-5238758,2012-12-17,12/23/12,Standard Class,SJ-20125,Sanjit Jacobs,Home Office,London,England,United Kingdom,,EU,North,OFF-FA-10001330,Office Supplies,Fasteners,"OIC Rubber Bands, Bulk Pack",15.363,1,0.1,5.283,1.54,Medium
CA-2012-169796,2012-11-09,11/14/12,Standard Class,Dp-13240,Dean percer,Home Office,New York City,New York,United States,10035.0,US,East,OFF-ST-10001505,Office Supplies,Storage,"Perma STOR-ALL Hanging File Box, 13 1/8""W x 12 1/4""D x 10 1/2""H",17.94,3,0.0,3.0498,1.54,High
CA-2012-156524,2012-11-20,11/26/12,Standard Class,DL-12865,Dan Lawera,Consumer,New York City,New York,United States,10011.0,US,East,OFF-PA-10003883,Office Supplies,Paper,"Message Book, Phone, Wirebound Standard Line Memo, 2 3/4"" X 5""",19.65,3,0.0,9.039,1.4,Medium
CA-2012-113740,2012-08-24,8/28/12,Second Class,SC-20380,Shahid Collister,Consumer,New York City,New York,United States,10035.0,US,East,FUR-FU-10000010,Furniture,Furnishings,"DAX Value U-Channel Document Frames, Easel Back",14.91,3,0.0,4.6221,1.4,Medium
CA-2012-165624,2012-08-23,8/28/12,Standard Class,FH-14350,Fred Harton,Consumer,Atlanta,Georgia,United States,30318.0,US,South,OFF-AP-10001492,Office Supplies,Appliances,"Acco Six-Outlet Power Strip, 4' Cord Length",25.86,3,0.0,6.7236,1.38,Medium
CA-2012-105599,2012-09-07,9/7/12,Same Day,MC-17275,Marc Crier,Consumer,New York City,New York,United States,10011.0,US,East,OFF-ST-10002486,Office Supplies,Storage,Eldon Shelf Savers Cubes and Bins,13.96,2,0.0,0.2792,1.36,Medium
ES-2012-4193401,2012-12-06,12/11/12,Standard Class,GT-14710,Greg Tran,Consumer,London,England,United Kingdom,,EU,North,OFF-AR-10003384,Office Supplies,Art,"Boston Pens, Water Color",15.66,1,0.1,-0.18,1.34,Medium
CA-2012-105361,2012-03-29,4/4/12,Standard Class,CM-12115,Chad McGuire,Consumer,New York City,New York,United States,10024.0,US,East,OFF-PA-10002615,Office Supplies,Paper,"Ampad Gold Fibre Wirebound Steno Books, 6"" x 9"", Gregg Ruled",17.64,4,0.0,8.1144,1.26,Medium
ES-2012-1217718,2012-11-27,12/2/12,Standard Class,MS-17980,Michael Stewart,Corporate,London,England,United Kingdom,,EU,North,OFF-ST-10003990,Office Supplies,Storage,"Smead Folders, Single Width",15.768,1,0.1,3.678,1.25,Medium
US-2012-116981,2012-03-26,3/28/12,Second Class,SM-20950,Suzanne McNair,Corporate,New York City,New York,United States,10009.0,US,East,OFF-AP-10000595,Office Supplies,Appliances,Disposable Triple-Filter Dust Bags,13.11,3,0.0,3.4086,1.25,Medium
MX-2012-167927,2012-06-06,6/10/12,Standard Class,TS-21610,Troy Staebel,Consumer,Santa Clara,Villa Clara,Cuba,,LATAM,Caribbean,OFF-BI-10000827,Office Supplies,Binders,"Acco Binder, Recycled",20.68,2,0.0,5.56,1.17,Medium
IT-2012-2927791,2012-11-30,12/5/12,Standard Class,SC-20800,Stuart Calhoun,Consumer,London,England,United Kingdom,,EU,North,OFF-ST-10004409,Office Supplies,Storage,"Rogers Box, Industrial",44.01,2,0.1,-4.89,1.16,Medium
US-2012-153283,2012-11-12,11/18/12,Standard Class,EB-14110,Eugene Barchas,Consumer,New York City,New York,United States,10035.0,US,East,OFF-EN-10001539,Office Supplies,Envelopes,Staples,15.56,2,0.0,7.3132,1.13,Medium
MX-2012-151176,2012-09-20,9/25/12,Standard Class,BF-11215,Benjamin Farhat,Home Office,Santa Clara,Villa Clara,Cuba,,LATAM,Caribbean,OFF-BI-10002523,Office Supplies,Binders,"Wilson Jones Index Tab, Economy",17.2,4,0.0,3.44,1.09,Medium
ES-2012-5419499,2012-03-17,3/21/12,Second Class,AA-10480,Andrew Allen,Consumer,London,England,United Kingdom,,EU,North,OFF-ST-10003931,Office Supplies,Storage,"Smead Trays, Wire Frame",42.795,1,0.1,1.425,1.03,High
CA-2012-122973,2012-07-18,7/20/12,Second Class,PJ-19015,Pauline Johnson,Consumer,New York City,New York,United States,10024.0,US,East,FUR-FU-10002364,Furniture,Furnishings,"Eldon Expressions Wood Desk Accessories, Oak",7.38,1,0.0,2.1402,1.0,High
CA-2012-110632,2012-03-17,3/22/12,Second Class,HR-14830,Harold Ryan,Corporate,New York City,New York,United States,10009.0,US,East,TEC-AC-10000387,Technology,Accessories,KeyTronic KT800P2 - Keyboard - Black,15.02,1,0.0,2.7036,0.99,Medium
US-2012-126977,2012-09-17,9/23/12,Standard Class,PF-19120,Peter Fuller,Consumer,New York City,New York,United States,10035.0,US,East,OFF-ST-10000617,Office Supplies,Storage,Woodgrain Magazine Files by Perma,14.9,5,0.0,1.043,0.97,Medium
CA-2012-159590,2012-07-18,7/21/12,First Class,KC-16255,Karen Carlisle,Corporate,New York City,New York,United States,10009.0,US,East,OFF-AR-10003190,Office Supplies,Art,Newell 32,5.76,2,0.0,1.6128,0.97,Medium
CA-2012-132276,2012-02-23,2/28/12,Standard Class,LC-16960,Lindsay Castell,Home Office,New York City,New York,United States,10024.0,US,East,OFF-BI-10002982,Office Supplies,Binders,Avery Self-Adhesive Photo Pockets for Polaroid Photos,10.896,2,0.2,3.8136,0.96,Medium
CA-2012-166464,2012-09-12,9/17/12,Standard Class,PG-18895,Paul Gonzalez,Consumer,New York City,New York,United States,10035.0,US,East,OFF-LA-10001317,Office Supplies,Labels,Avery 520,12.6,4,0.0,6.048,0.94,Medium
CA-2012-105102,2012-09-15,9/19/12,Second Class,BM-11575,Brendan Murry,Corporate,New York City,New York,United States,10035.0,US,East,OFF-PA-10002365,Office Supplies,Paper,Xerox 1967,12.96,2,0.0,6.2208,0.9,Medium
CA-2012-147851,2012-12-03,12/8/12,Standard Class,MP-17470,Mark Packer,Home Office,New York City,New York,United States,10009.0,US,East,OFF-BI-10004528,Office Supplies,Binders,Cardinal Poly Pocket Divider Pockets for Ring Binders,10.752,4,0.2,3.36,0.89,Medium
CA-2012-113145,2012-11-01,11/5/12,Standard Class,VD-21670,Valerie Dominguez,Consumer,New York City,New York,United States,10011.0,US,East,OFF-PA-10002659,Office Supplies,Paper,Avoid Verbal Orders Carbonless Minifold Book,13.52,4,0.0,6.2192,0.89,Medium
US-2012-158911,2012-07-05,7/11/12,Standard Class,RS-19765,Roland Schwarz,Corporate,Charlotte,North Carolina,United States,28205.0,US,South,OFF-LA-10003223,Office Supplies,Labels,Avery 508,11.784,3,0.2,4.2717,0.88,Medium
CA-2012-108588,2012-01-05,1/10/12,Standard Class,BG-11695,Brooke Gillingham,Corporate,New York City,New York,United States,10009.0,US,East,OFF-BI-10004506,Office Supplies,Binders,Wilson Jones data.warehouse D-Ring Binders with DublLock,13.168,2,0.2,4.6088,0.84,Medium
CA-2012-128013,2012-08-09,8/16/12,Standard Class,MF-18250,Monica Federle,Corporate,New York City,New York,United States,10035.0,US,East,FUR-FU-10000320,Furniture,Furnishings,OIC Stacking Trays,10.02,3,0.0,4.4088,0.76,Medium
CA-2012-100454,2012-11-20,11/25/12,Standard Class,BM-11650,Brian Moss,Corporate,New York City,New York,United States,10035.0,US,East,OFF-AR-10002578,Office Supplies,Art,Newell 335,11.52,4,0.0,3.3408,0.69,Medium
CA-2012-124268,2012-07-04,7/8/12,Standard Class,AD-10180,Alan Dominguez,Home Office,New York City,New York,United States,10035.0,US,East,OFF-AR-10004817,Office Supplies,Art,Colorific Watercolor Pencils,15.48,3,0.0,4.4892,0.68,Medium
CA-2012-137925,2012-11-30,12/4/12,Standard Class,JL-15235,Janet Lee,Consumer,New York City,New York,United States,10035.0,US,East,OFF-PA-10002659,Office Supplies,Paper,Avoid Verbal Orders Carbonless Minifold Book,23.66,7,0.0,10.8836,0.68,Medium
CA-2012-130855,2012-12-29,1/5/13,Standard Class,RF-19840,Roy Französisch,Consumer,New York City,New York,United States,10035.0,US,East,OFF-SU-10003936,Office Supplies,Supplies,Acme Serrated Blade Letter Opener,6.36,2,0.0,0.0636,0.67,Medium
CA-2012-143105,2012-12-10,12/10/12,Same Day,MA-17560,Matt Abelman,Home Office,New York City,New York,United States,10024.0,US,East,OFF-LA-10004093,Office Supplies,Labels,Avery 486,7.31,1,0.0,3.4357,0.64,High
US-2012-127040,2012-12-06,12/10/12,Standard Class,SG-20605,Speros Goranitis,Consumer,New York City,New York,United States,10009.0,US,East,OFF-PA-10004255,Office Supplies,Paper,Xerox 219,6.48,1,0.0,3.1104,0.63,High
CA-2012-140984,2012-09-14,9/18/12,Standard Class,CC-12685,Craig Carroll,Consumer,New York City,New York,United States,10011.0,US,East,OFF-BI-10002012,Office Supplies,Binders,Wilson Jones Easy Flow II Sheet Lifters,12.96,9,0.2,4.536,0.59,Medium
CA-2012-166492,2012-04-07,4/10/12,First Class,RP-19390,Resi Pölking,Consumer,New York City,New York,United States,10035.0,US,East,OFF-ST-10002214,Office Supplies,Storage,X-Rack File for Hanging Folders,22.58,2,0.0,5.8708,0.58,Medium
CA-2012-165050,2012-12-07,12/9/12,First Class,AH-10210,Alan Hwang,Consumer,New York City,New York,United States,10024.0,US,East,OFF-BI-10003727,Office Supplies,Binders,Avery Durable Slant Ring Binders With Label Holder,6.688,2,0.2,2.3408,0.53,Medium
CA-2012-116512,2012-04-09,4/14/12,Standard Class,MC-18100,Mick Crebagga,Consumer,New York City,New York,United States,10024.0,US,East,OFF-ST-10001505,Office Supplies,Storage,"Perma STOR-ALL Hanging File Box, 13 1/8""W x 12 1/4""D x 10 1/2""H",17.94,3,0.0,3.0498,0.53,Medium
CA-2012-110667,2012-04-04,4/8/12,Standard Class,NF-18595,Nicole Fjeld,Home Office,New York City,New York,United States,10009.0,US,East,OFF-BI-10003529,Office Supplies,Binders,Avery Round Ring Poly Binders,9.088,4,0.2,3.2944,0.52,Medium
CA-2012-166492,2012-04-07,4/10/12,First Class,RP-19390,Resi Pölking,Consumer,New York City,New York,United States,10035.0,US,East,OFF-PA-10002262,Office Supplies,Paper,Xerox 192,25.92,4,0.0,12.4416,0.47,Medium
CA-2012-145352,2012-03-16,3/22/12,Standard Class,CM-12385,Christopher Martinez,Consumer,Atlanta,Georgia,United States,30318.0,US,South,OFF-AR-10003856,Office Supplies,Art,Newell 344,8.34,3,0.0,2.1684,0.45,Medium
CA-2012-148712,2012-04-17,4/23/12,Standard Class,JM-15535,Jessica Myrick,Consumer,New York City,New York,United States,10035.0,US,East,OFF-AR-10000614,Office Supplies,Art,Barrel Sharpener,10.71,3,0.0,2.7846,0.44,Medium
CA-2012-130995,2012-11-01,11/6/12,Standard Class,QJ-19255,Quincy Jones,Corporate,New York City,New York,United States,10009.0,US,East,TEC-PH-10000347,Technology,Phones,Cush Cases Heavy Duty Rugged Cover Case for Samsung Galaxy S5 - Purple,4.95,1,0.0,1.3365,0.4,Medium
US-2012-158911,2012-07-05,7/11/12,Standard Class,RS-19765,Roland Schwarz,Corporate,Charlotte,North Carolina,United States,28205.0,US,South,FUR-FU-10003829,Furniture,Furnishings,Stackable Trays,4.928,2,0.2,0.7392,0.38,Medium
CA-2012-165624,2012-08-23,8/28/12,Standard Class,FH-14350,Fred Harton,Consumer,Atlanta,Georgia,United States,30318.0,US,South,OFF-LA-10003190,Office Supplies,Labels,Avery 474,8.64,3,0.0,4.2336,0.37,Medium
CA-2012-114811,2012-11-08,11/8/12,Same Day,KD-16495,Keith Dawkins,Corporate,New York City,New York,United States,10024.0,US,East,FUR-FU-10002240,Furniture,Furnishings,Nu-Dell EZ-Mount Plastic Wall Frames,11.82,3,0.0,4.728,0.36,Medium
CA-2012-164084,2012-09-07,9/12/12,Standard Class,AG-10525,Andy Gerbode,Corporate,New York City,New York,United States,10011.0,US,East,OFF-FA-10003059,Office Supplies,Fasteners,Assorted Color Push Pins,7.24,4,0.0,2.3892,0.35,Medium
CA-2012-137225,2012-12-15,12/19/12,Standard Class,JK-15640,Jim Kriz,Home Office,New York City,New York,United States,10009.0,US,East,OFF-AR-10001940,Office Supplies,Art,"Sanford Colorific Eraseable Coloring Pencils, 12 Count",3.28,1,0.0,1.4104,0.33,Medium
US-2012-156797,2012-08-11,8/15/12,Standard Class,PO-19180,Philisse Overcash,Home Office,New York City,New York,United States,10035.0,US,East,OFF-AR-10001427,Office Supplies,Art,Newell 330,11.96,2,0.0,3.1096,0.25,Medium
CA-2012-164084,2012-09-07,9/12/12,Standard Class,AG-10525,Andy Gerbode,Corporate,New York City,New York,United States,10011.0,US,East,OFF-BI-10000605,Office Supplies,Binders,"Acco Pressboard Covers with Storage Hooks, 9 1/2"" x 11"", Executive Red",6.096,2,0.2,2.0574,0.23,Medium
CA-2012-136658,2012-09-10,9/17/12,Standard Class,BO-11425,Bobby Odegard,Consumer,New York City,New York,United States,10024.0,US,East,OFF-AR-10000817,Office Supplies,Art,Manco Dry-Lighter Erasable Highlighter,6.08,2,0.0,2.0672,0.22,Medium
CA-2012-110667,2012-04-04,4/8/12,Standard Class,NF-18595,Nicole Fjeld,Home Office,New York City,New York,United States,10009.0,US,East,OFF-AR-10000716,Office Supplies,Art,DIXON Ticonderoga Erasable Checking Pencils,11.16,2,0.0,4.3524,0.2,Medium
CA-2012-145814,2012-11-19,11/24/12,Standard Class,KD-16345,Katherine Ducich,Consumer,New York City,New York,United States,10035.0,US,East,OFF-BI-10003196,Office Supplies,Binders,Accohide Poly Flexible Ring Binders,5.984,2,0.2,2.244,0.2,Medium
CA-2012-108588,2012-01-05,1/10/12,Standard Class,BG-11695,Brooke Gillingham,Corporate,New York City,New York,United States,10009.0,US,East,OFF-EN-10000461,Office Supplies,Envelopes,"#10- 4 1/8"" x 9 1/2"" Recycled Envelopes",17.48,2,0.0,8.2156,0.18,Medium
US-2012-109015,2012-09-06,9/12/12,Standard Class,BS-11590,Brendan Sweed,Corporate,New York City,New York,United States,10011.0,US,East,OFF-AP-10001962,Office Supplies,Appliances,Black & Decker Filter for Double Action Dustbuster Cordless Vac BLDV7210,8.39,1,0.0,2.0975,0.16,Medium
CA-2012-122973,2012-07-18,7/20/12,Second Class,PJ-19015,Pauline Johnson,Consumer,New York City,New York,United States,10024.0,US,East,OFF-BI-10004182,Office Supplies,Binders,Economy Binders,3.328,2,0.2,1.2064,0.15,High
CA-2012-148705,2012-03-12,3/18/12,Standard Class,EB-14170,Evan Bailliet,Consumer,Charlotte,North Carolina,United States,28205.0,US,South,OFF-LA-10001641,Office Supplies,Labels,Avery 518,5.04,2,0.2,1.764,0.14,Medium
CA-2012-145352,2012-03-16,3/22/12,Standard Class,CM-12385,Christopher Martinez,Consumer,Atlanta,Georgia,United States,30318.0,US,South,OFF-AR-10001662,Office Supplies,Art,Rogers Handheld Barrel Pencil Sharpener,2.74,1,0.0,0.7398,0.1,Medium
CA-2012-131338,2012-08-09,8/12/12,First Class,NP-18325,Naresj Patel,Consumer,New York City,New York,United States,10024.0,US,East,FUR-FU-10001706,Furniture,Furnishings,Longer-Life Soft White Bulbs,6.16,2,0.0,2.9568,0.09,Medium
US-2012-142020,2012-06-04,6/8/12,Second Class,TC-21535,Tracy Collins,Home Office,New York City,New York,United States,10024.0,US,East,OFF-PA-10004569,Office Supplies,Paper,"Wirebound Message Books, Two 4 1/4"" x 5"" Forms per Page",30.44,4,0.0,14.3068,0.03,Medium
